Metric,NumBatch,Value
Ts_Varchi,1,15.25322678945708
Ts_Varchi,2,14.954628841735717
Ts_Varchi,3,15.186038585612806
Ts_Varchi,4,15.066508461952536
Ts_Varchi,5,14.997042366876094
Ts_Varchi,6,14.876510043692704
Ts_Varchi,7,15.08408994589182
Ts_Varchi,8,14.743345990766398
Ts_Varchi,9,15.080793931925992
Ts_Varchi,10,14.724533382484164
Ts_Varchi,11,14.604020026655187
Ts_Varchi,12,14.992392087262367
Ts_Varchi,13,15.174842856413818
Ts_Varchi,14,15.300909407343985
Ts_Varchi,15,14.63143849497121
Ts_Varchi,16,14.929584496063654
Ts_Varchi,17,14.67460661329813
Ts_Varchi,18,14.763353576247486
Ts_Varchi,19,15.22395206492473
Ts_Varchi,20,15.021933491607316
Ts_Varchi,21,15.058604224710198
Ts_Varchi,22,14.94922642231298
Ts_Varchi,23,14.90130701122161
Ts_Varchi,24,15.128182116607356
Ts_Varchi,25,15.051208011552863
Ts_Varchi,26,15.311225583002077
Ts_Varchi,27,14.888037452101761
Ts_Varchi,28,14.803414484191064
Ts_Varchi,29,14.828370367520687
Ts_Varchi,30,15.15294317129538
Ts_Varchi,31,15.0119502581172
Ts_Varchi,32,14.888674379904923
Ts_Varchi,33,15.069345529828247
Ts_Varchi,34,14.89769152913801
Ts_Varchi,35,14.784697572546213
Ts_Varchi,36,14.593971346412717
Ts_Varchi,37,14.948685765174256
Ts_Varchi,38,14.921996799120205
Ts_Varchi,39,14.982396317994075
Ts_Varchi,40,15.229828426917084
Ts_Varchi,41,15.076337809349019
Ts_Varchi,42,14.851788275499388
Ts_Varchi,43,14.870708527185855
Ts_Varchi,44,14.80280805388196
Ts_Varchi,45,14.905590311755292
Ts_Varchi,46,15.055841952898104
Ts_Varchi,47,14.931591863721325
Ts_Varchi,48,15.13057580763653
Ts_Varchi,49,15.099576642839626
Ts_Varchi,50,15.041039598511674
Ts_Varchi,51,15.444658842720028
Ts_Varchi,52,15.058878142506108
Ts_Varchi,53,14.910726065129253
Ts_Varchi,54,14.882869173363995
Ts_Varchi,55,14.604726855781498
Ts_Varchi,56,14.675821478629196
Ts_Varchi,57,14.966747988254927
Ts_Varchi,58,15.12467121971799
Ts_Varchi,59,15.237199517603235
Ts_Varchi,60,14.862026911673428
Ts_Varchi,61,15.01019531762555
Ts_Varchi,62,15.026432727376447
Ts_Varchi,63,15.042205952398945
Ts_Varchi,64,14.77589031398098
Ts_Varchi,65,15.169462415963169
Ts_Varchi,66,14.717146540811303
Ts_Varchi,67,14.985860545826748
Ts_Varchi,68,15.012834237073763
Ts_Varchi,69,15.135279395454779
Ts_Varchi,70,14.9936042149894
Ts_Varchi,71,15.241835063262585
Ts_Varchi,72,14.889984274556628
Ts_Varchi,73,14.960684211077643
Ts_Varchi,74,14.741185678916992
Ts_Varchi,75,14.990732038059893
Ts_Varchi,76,14.938791846005135
Ts_Varchi,77,14.956240726760976
Ts_Varchi,78,15.021639667518214
Ts_Varchi,79,15.043173102556116
Ts_Varchi,80,15.108667081223663
Ts_Varchi,81,15.171605511561587
Ts_Varchi,82,14.946488533882398
Ts_Varchi,83,15.03369131548507
Ts_Varchi,84,15.337888091881933
Ts_Varchi,85,14.93980093740953
Ts_Varchi,86,15.126291591007504
Ts_Varchi,87,15.06844395670212
Ts_Varchi,88,14.831256489469498
Ts_Varchi,89,14.884633926118301
Ts_Varchi,90,15.270609822951007
Ts_Varchi,91,15.02397501922786
Ts_Varchi,92,15.11707227639164
Ts_Varchi,93,15.080786077107122
Ts_Varchi,94,14.901978599680675
Ts_Varchi,95,15.227461496583635
Ts_Varchi,96,15.124815517297893
Tq_Varchi,1,1.714265221246677
Tq_Varchi,2,1.3197979574135523
Tq_Varchi,3,1.645085768904553
Tq_Varchi,4,1.5185213600987482
Tq_Varchi,5,1.4764134950514642
Tq_Varchi,6,1.3984297083109765
Tq_Varchi,7,1.5403103747365912
Tq_Varchi,8,1.3544425445917079
Tq_Varchi,9,1.422502839240609
Tq_Varchi,10,1.277757057096487
Tq_Varchi,11,1.1953573894182261
Tq_Varchi,12,1.4524148805475474
Tq_Varchi,13,1.5323091436124832
Tq_Varchi,14,1.678680088026216
Tq_Varchi,15,1.1788194567876307
Tq_Varchi,16,1.406270177125697
Tq_Varchi,17,1.3026467479765522
Tq_Varchi,18,1.3125877041547045
Tq_Varchi,19,1.5595762014270467
Tq_Varchi,20,1.4367878121017794
Tq_Varchi,21,1.4141729822711635
Tq_Varchi,22,1.2596773636643883
Tq_Varchi,23,1.389209570725357
Tq_Varchi,24,1.5462902433099872
Tq_Varchi,25,1.5454856112028497
Tq_Varchi,26,1.6531756343105308
Tq_Varchi,27,1.3090366666875828
Tq_Varchi,28,1.5051955348718264
Tq_Varchi,29,1.3130051971982217
Tq_Varchi,30,1.5481129792535282
Tq_Varchi,31,1.551872950910776
Tq_Varchi,32,1.3200075900776829
Tq_Varchi,33,1.5717683600525898
Tq_Varchi,34,1.3787393020917618
Tq_Varchi,35,1.3677086067611264
Tq_Varchi,36,1.1921330100015812
Tq_Varchi,37,1.4233622513679205
Tq_Varchi,38,1.3707206426336436
Tq_Varchi,39,1.3692242641434431
Tq_Varchi,40,1.6075133830707036
Tq_Varchi,41,1.5521531373763637
Tq_Varchi,42,1.305256377737344
Tq_Varchi,43,1.3983763991912215
Tq_Varchi,44,1.3088454863847734
Tq_Varchi,45,1.3653589489207931
Tq_Varchi,46,1.503010435426862
Tq_Varchi,47,1.4101705959309048
Tq_Varchi,48,1.5115129128909084
Tq_Varchi,49,1.4273712266792054
Tq_Varchi,50,1.5587953850991685
Tq_Varchi,51,1.7297852298497318
Tq_Varchi,52,1.6709188117116265
Tq_Varchi,53,1.3731984246983533
Tq_Varchi,54,1.3710231232914978
Tq_Varchi,55,1.2218788457567658
Tq_Varchi,56,1.2060933790878703
Tq_Varchi,57,1.5722603779253808
Tq_Varchi,58,1.5007932701981324
Tq_Varchi,59,1.5703324539390755
Tq_Varchi,60,1.4495209757919871
Tq_Varchi,61,1.5686769917874632
Tq_Varchi,62,1.4437971127766145
Tq_Varchi,63,1.5060901197468712
Tq_Varchi,64,1.2850407082043707
Tq_Varchi,65,1.5252779658778175
Tq_Varchi,66,1.2489092545064286
Tq_Varchi,67,1.4719578575207382
Tq_Varchi,68,1.571803120931576
Tq_Varchi,69,1.6832045353737992
Tq_Varchi,70,1.4938112422787257
Tq_Varchi,71,1.5166266570109408
Tq_Varchi,72,1.4132557882014989
Tq_Varchi,73,1.2560306810543234
Tq_Varchi,74,1.192304103128021
Tq_Varchi,75,1.4321678025381905
Tq_Varchi,76,1.3747388595296932
Tq_Varchi,77,1.455116050185515
Tq_Varchi,78,1.4822285052226938
Tq_Varchi,79,1.5586669743320005
Tq_Varchi,80,1.4297814815023882
Tq_Varchi,81,1.6164569961221282
Tq_Varchi,82,1.3825079211115803
Tq_Varchi,83,1.4879041436215765
Tq_Varchi,84,1.6542934349365015
Tq_Varchi,85,1.4696329886866673
Tq_Varchi,86,1.5217755420458874
Tq_Varchi,87,1.5145290311632884
Tq_Varchi,88,1.283791851240052
Tq_Varchi,89,1.4101889291045222
Tq_Varchi,90,1.6137377031903155
Tq_Varchi,91,1.4982743690094342
Tq_Varchi,92,1.5186373547146372
Tq_Varchi,93,1.5336898879189027
Tq_Varchi,94,1.4461302155061047
Tq_Varchi,95,1.659538237712278
Tq_Varchi,96,1.5391861960164
Ns_XRay,1,3.295866674214452
Ns_XRay,2,3.2556750909116183
Ns_XRay,3,3.345157181645234
Ns_XRay,4,3.2956138910415076
Ns_XRay,5,3.3648868971413877
Ns_XRay,6,3.2764125913199416
Ns_XRay,7,3.209113700675043
Ns_XRay,8,3.0997064355525215
Ns_XRay,9,3.2804035571971712
Ns_XRay,10,3.500780271234571
Ns_XRay,11,3.1382708978017146
Ns_XRay,12,3.35212902920386
Ns_XRay,13,3.2069986984709065
Ns_XRay,14,3.531695403729394
Ns_XRay,15,3.2947861296105705
Ns_XRay,16,3.394572798030854
Ns_XRay,17,3.426774728109954
Ns_XRay,18,3.3087593954250276
Ns_XRay,19,3.2213283042044165
Ns_XRay,20,3.3047797973413426
Ns_XRay,21,3.333197366025911
Ns_XRay,22,3.2495663802962063
Ns_XRay,23,3.431887718015842
Ns_XRay,24,3.2081167720328803
Ns_XRay,25,3.369721250906867
Ns_XRay,26,3.4705499098308947
Ns_XRay,27,3.3363199510415003
Ns_XRay,28,3.2463063483711356
Ns_XRay,29,3.1296080515002114
Ns_XRay,30,3.470163147338733
Ns_XRay,31,3.5767259954923465
Ns_XRay,32,3.509344907008517
Ns_XRay,33,3.3348987030456128
Ns_XRay,34,3.2956684681993975
Ns_XRay,35,3.4178881251290383
Ns_XRay,36,3.260017257655595
Ns_XRay,37,3.4710137150717255
Ns_XRay,38,3.537878726945115
Ns_XRay,39,3.2455598769845655
Ns_XRay,40,3.3423329275716336
Ns_XRay,41,3.4492035463609185
Ns_XRay,42,3.4278957042072333
Ns_XRay,43,3.6349152297209613
Ns_XRay,44,3.361731474438829
Ns_XRay,45,3.14929749975781
Ns_XRay,46,3.495949352379005
Ns_XRay,47,3.405355326798627
Ns_XRay,48,3.4754996438271637
Ns_XRay,49,3.494147407745567
Ns_XRay,50,3.450553526451349
Ns_XRay,51,3.597505753121923
Ns_XRay,52,3.668526051626676
Ns_XRay,53,3.263745062259348
Ns_XRay,54,3.433628066071596
Ns_XRay,55,3.3184000233244735
Ns_XRay,56,3.4103336142974965
Ns_XRay,57,3.1889337028176485
Ns_XRay,58,3.471028634837956
Ns_XRay,59,3.338695307713599
Ns_XRay,60,3.8404508301046683
Ns_XRay,61,3.3504374244432236
Ns_XRay,62,3.145937700121478
Ns_XRay,63,3.2498648717714587
Ns_XRay,64,3.3154135540997522
Ns_XRay,65,3.4367618461238747
Ns_XRay,66,3.1426716801890473
Ns_XRay,67,3.324716929254094
Ns_XRay,68,3.320441530938737
Ns_XRay,69,3.7074136853971833
Ns_XRay,70,3.3893448398818444
Ns_XRay,71,3.3607652118587046
Ns_XRay,72,3.108637820238428
Ns_XRay,73,3.216727963538388
Ns_XRay,74,3.2067313069402164
Ns_XRay,75,3.3593480709068015
Ns_XRay,76,3.0802196527906642
Ns_XRay,77,3.1939111025135247
Ns_XRay,78,3.2944025081315385
Ns_XRay,79,3.656128605908726
Ns_XRay,80,3.198804871938585
Ns_XRay,81,3.456747880281568
Ns_XRay,82,3.2638214839214124
Ns_XRay,83,3.365042363416164
Ns_XRay,84,3.3262255695322906
Ns_XRay,85,3.3853929040761086
Ns_XRay,86,3.392458139883508
Ns_XRay,87,3.5331900167973473
Ns_XRay,88,3.016200415093534
Ns_XRay,89,3.3736609052976325
Ns_XRay,90,3.459844342099343
Ns_XRay,91,3.444066568709787
Ns_XRay,92,3.4015281336049976
Ns_XRay,93,3.4833378591558772
Ns_XRay,94,3.2939055120217366
Ns_XRay,95,3.3519721002955505
Ns_XRay,96,3.3218688081544756
X_CheckIn,1,2.548767204248172
X_CheckIn,2,2.5403226243827604
X_CheckIn,3,2.458158898002614
X_CheckIn,4,2.701417539285418
X_CheckIn,5,2.560470465380031
X_CheckIn,6,2.638392769709312
X_CheckIn,7,2.5858320697461465
X_CheckIn,8,2.555793374888781
X_CheckIn,9,2.527429364833468
X_CheckIn,10,2.7306412338837456
X_CheckIn,11,2.492365319574405
X_CheckIn,12,2.644481375225973
X_CheckIn,13,2.582194970979541
X_CheckIn,14,2.5996487862555777
X_CheckIn,15,2.529043963736556
X_CheckIn,16,2.5638484042748764
X_CheckIn,17,2.6637827447164812
X_CheckIn,18,2.5922223345259967
X_CheckIn,19,2.5559679562045394
X_CheckIn,20,2.7889149256020858
X_CheckIn,21,2.694239801742318
X_CheckIn,22,2.6184739586822134
X_CheckIn,23,2.6001264412008656
X_CheckIn,24,2.629306888468429
X_CheckIn,25,2.545977376902355
X_CheckIn,26,2.535873381616577
X_CheckIn,27,2.6893055690688636
X_CheckIn,28,2.4823119033248195
X_CheckIn,29,2.5228855413710916
X_CheckIn,30,2.4746728695259192
X_CheckIn,31,2.6294983281219673
X_CheckIn,32,2.5424545473497746
X_CheckIn,33,2.5726947925690444
X_CheckIn,34,2.552508282524329
X_CheckIn,35,2.547543461870074
X_CheckIn,36,2.5598905295560606
X_CheckIn,37,2.485205884212836
X_CheckIn,38,2.653540445797537
X_CheckIn,39,2.5698484841473586
X_CheckIn,40,2.67777023834492
X_CheckIn,41,2.5673007329489805
X_CheckIn,42,2.6139776206252563
X_CheckIn,43,2.6146292419539283
X_CheckIn,44,2.6112303934471757
X_CheckIn,45,2.722889056499483
X_CheckIn,46,2.515176765786714
X_CheckIn,47,2.5327021145759976
X_CheckIn,48,2.5406665863989946
X_CheckIn,49,2.522509010245683
X_CheckIn,50,2.5605963371095
X_CheckIn,51,2.563393531481534
X_CheckIn,52,2.5606732298916954
X_CheckIn,53,2.4367426159687007
X_CheckIn,54,2.5436403893721833
X_CheckIn,55,2.539647308338453
X_CheckIn,56,2.6932625509615313
X_CheckIn,57,2.7469270298696706
X_CheckIn,58,2.563747190631815
X_CheckIn,59,2.6213406869515388
X_CheckIn,60,2.520869794897058
X_CheckIn,61,2.685636492997845
X_CheckIn,62,2.6544492080628865
X_CheckIn,63,2.5279173714669585
X_CheckIn,64,2.6601296580472886
X_CheckIn,65,2.598676100424936
X_CheckIn,66,2.482753719446927
X_CheckIn,67,2.5799309542384203
X_CheckIn,68,2.4757872829704612
X_CheckIn,69,2.583453123241559
X_CheckIn,70,2.6352745433102007
X_CheckIn,71,2.591849049676455
X_CheckIn,72,2.4046281301949795
X_CheckIn,73,2.5904424074621417
X_CheckIn,74,2.6132221807502503
X_CheckIn,75,2.583214147126226
X_CheckIn,76,2.8286660910314976
X_CheckIn,77,2.5903557754881086
X_CheckIn,78,2.5099762974994935
X_CheckIn,79,2.5651744037118025
X_CheckIn,80,2.5907125494050978
X_CheckIn,81,2.7305191294888784
X_CheckIn,82,2.4610031759157356
X_CheckIn,83,2.568824907076304
X_CheckIn,84,2.5979039806576036
X_CheckIn,85,2.52620001416956
X_CheckIn,86,2.542836809891058
X_CheckIn,87,2.5835133046424446
X_CheckIn,88,2.5793540851478904
X_CheckIn,89,2.7459405487725546
X_CheckIn,90,2.5706489651084317
X_CheckIn,91,2.622186843841175
X_CheckIn,92,2.5578637324515032
X_CheckIn,93,2.5027785571261587
X_CheckIn,94,2.5983378000968256
X_CheckIn,95,2.6429642153417885
X_CheckIn,96,2.616966083580558
Ns_Recupero,1,7.903235744451128
Ns_Recupero,2,7.679524859179818
Ns_Recupero,3,7.983076053828123
Ns_Recupero,4,7.962349206916584
Ns_Recupero,5,8.084006466295708
Ns_Recupero,6,7.780380987390641
Ns_Recupero,7,7.805681799128595
Ns_Recupero,8,7.595533581890858
Ns_Recupero,9,7.895483718945118
Ns_Recupero,10,8.256185712066234
Ns_Recupero,11,7.630773855848264
Ns_Recupero,12,7.86404816068341
Ns_Recupero,13,7.935234113134713
Ns_Recupero,14,8.103727568000604
Ns_Recupero,15,8.002223925626478
Ns_Recupero,16,8.136694920079176
Ns_Recupero,17,7.988142844398161
Ns_Recupero,18,7.621724291827358
Ns_Recupero,19,7.910748012240493
Ns_Recupero,20,8.187811379155862
Ns_Recupero,21,8.11959855049857
Ns_Recupero,22,7.9179701457186455
Ns_Recupero,23,7.955767964057928
Ns_Recupero,24,7.492236917759197
Ns_Recupero,25,8.05564459520726
Ns_Recupero,26,8.160092950357184
Ns_Recupero,27,7.9028601487364964
Ns_Recupero,28,7.983581722448379
Ns_Recupero,29,7.660221118778364
Ns_Recupero,30,8.25931155204282
Ns_Recupero,31,8.192758650363068
Ns_Recupero,32,8.117473040438078
Ns_Recupero,33,8.047265147236212
Ns_Recupero,34,7.806785340687415
Ns_Recupero,35,8.080495653889006
Ns_Recupero,36,7.751932325795235
Ns_Recupero,37,8.08037267072139
Ns_Recupero,38,8.274590866300725
Ns_Recupero,39,7.771033705441713
Ns_Recupero,40,8.095775298791063
Ns_Recupero,41,8.26683366851587
Ns_Recupero,42,8.386012308247718
Ns_Recupero,43,8.23858929580099
Ns_Recupero,44,7.9122376452373935
Ns_Recupero,45,7.500091771079675
Ns_Recupero,46,8.26064426734836
Ns_Recupero,47,8.10227880911531
Ns_Recupero,48,8.300382359267886
Ns_Recupero,49,8.279969718945033
Ns_Recupero,50,8.03255956025065
Ns_Recupero,51,8.306038781803888
Ns_Recupero,52,8.89538593954184
Ns_Recupero,53,7.904312400798809
Ns_Recupero,54,7.950230899912144
Ns_Recupero,55,7.711052706271941
Ns_Recupero,56,7.939187855701976
Ns_Recupero,57,7.759620769920006
Ns_Recupero,58,8.107524110263016
Ns_Recupero,59,8.206595016457449
Ns_Recupero,60,8.50640473052735
Ns_Recupero,61,8.058827035393458
Ns_Recupero,62,7.698889733197895
Ns_Recupero,63,7.707211901132092
Ns_Recupero,64,8.141542368835848
Ns_Recupero,65,8.215373600153214
Ns_Recupero,66,7.821805415458716
Ns_Recupero,67,7.838496798412509
Ns_Recupero,68,7.943699740580773
Ns_Recupero,69,8.60073372520776
Ns_Recupero,70,8.065046007662815
Ns_Recupero,71,8.199504030232175
Ns_Recupero,72,7.536780958693699
Ns_Recupero,73,7.814520889846869
Ns_Recupero,74,7.679747364909625
Ns_Recupero,75,8.033013426727603
Ns_Recupero,76,7.375266979975575
Ns_Recupero,77,7.925529403104904
Ns_Recupero,78,8.050383049830634
Ns_Recupero,79,8.44969804376258
Ns_Recupero,80,7.614074766134008
Ns_Recupero,81,7.889656861411828
Ns_Recupero,82,7.7055820761634335
Ns_Recupero,83,8.059588715367648
Ns_Recupero,84,8.120847650488704
Ns_Recupero,85,7.833551418125221
Ns_Recupero,86,8.01161735137138
Ns_Recupero,87,8.217896667574632
Ns_Recupero,88,7.394621734348207
Ns_Recupero,89,7.93882603773695
Ns_Recupero,90,8.255196304848244
Ns_Recupero,91,8.088880979100358
Ns_Recupero,92,8.180205486525752
Ns_Recupero,93,8.392394717771124
Ns_Recupero,94,7.79304239947892
Ns_Recupero,95,7.901439391980581
Ns_Recupero,96,8.168356132721456
Nq_CheckIn,1,2.1975840457879483E-4
Nq_CheckIn,2,0.002937574627505753
Nq_CheckIn,3,0.0063919070384695405
Nq_CheckIn,4,0.0030717670470312096
Nq_CheckIn,5,0.002143323170641342
Nq_CheckIn,6,0.0014683582076387524
Nq_CheckIn,7,1.7870765794338492E-4
Nq_CheckIn,8,0.005326446610046973
Nq_CheckIn,9,0.0032520939350190437
Nq_CheckIn,10,0.002491306030816312
Nq_CheckIn,11,2.894683270472669E-4
Nq_CheckIn,12,0.004944361585253575
Nq_CheckIn,13,3.146647994418238E-4
Nq_CheckIn,14,0.002170929212707409
Nq_CheckIn,15,8.992183478573763E-4
Nq_CheckIn,16,3.0876447911281263E-4
Nq_CheckIn,17,0.0018784920460780052
Nq_CheckIn,18,0.003349494967596815
Nq_CheckIn,19,1.5168598518776788E-4
Nq_CheckIn,20,0.0033869884228210135
Nq_CheckIn,21,0.001964682406420062
Nq_CheckIn,22,1.7595745288989122E-4
Nq_CheckIn,23,0.002790013176361158
Nq_CheckIn,24,0.0037859246784071555
Nq_CheckIn,25,0.0
Nq_CheckIn,26,0.002215354339439724
Nq_CheckIn,27,0.0016898338014115406
Nq_CheckIn,28,0.0020347415706184454
Nq_CheckIn,29,4.908571412933929E-4
Nq_CheckIn,30,7.093993818596151E-4
Nq_CheckIn,31,4.927392162619493E-4
Nq_CheckIn,32,0.0
Nq_CheckIn,33,0.0016782036601790929
Nq_CheckIn,34,2.069137003611533E-4
Nq_CheckIn,35,0.0016135173359220682
Nq_CheckIn,36,4.114020188994015E-4
Nq_CheckIn,37,0.0
Nq_CheckIn,38,5.945077911239927E-4
Nq_CheckIn,39,0.0
Nq_CheckIn,40,0.0014930496672311418
Nq_CheckIn,41,0.0
Nq_CheckIn,42,0.0012989234113464508
Nq_CheckIn,43,4.7995154584298534E-4
Nq_CheckIn,44,0.0013715954969718046
Nq_CheckIn,45,0.0021519895571481262
Nq_CheckIn,46,0.0
Nq_CheckIn,47,0.004572380547178657
Nq_CheckIn,48,0.0028531052510843776
Nq_CheckIn,49,2.4947807004547325E-4
Nq_CheckIn,50,5.687981197062776E-4
Nq_CheckIn,51,0.002722386150634968
Nq_CheckIn,52,0.0013790095875109657
Nq_CheckIn,53,0.0015910715815903166
Nq_CheckIn,54,0.0022441066847753233
Nq_CheckIn,55,0.0015461838400036374
Nq_CheckIn,56,0.0024570183018065494
Nq_CheckIn,57,0.0010920268212342538
Nq_CheckIn,58,0.0022006175675812613
Nq_CheckIn,59,0.0013681633294797138
Nq_CheckIn,60,7.020559770342345E-4
Nq_CheckIn,61,9.516714968539739E-4
Nq_CheckIn,62,0.004110946002528728
Nq_CheckIn,63,0.0023862282323759724
Nq_CheckIn,64,0.0014590961071523968
Nq_CheckIn,65,0.001995695051756371
Nq_CheckIn,66,0.003919018852912326
Nq_CheckIn,67,4.588887049753584E-4
Nq_CheckIn,68,9.561409898359318E-4
Nq_CheckIn,69,5.864327474564936E-4
Nq_CheckIn,70,0.0020939646343510953
Nq_CheckIn,71,0.001709958240016822
Nq_CheckIn,72,0.0
Nq_CheckIn,73,7.473257779693067E-4
Nq_CheckIn,74,0.0014531323725895592
Nq_CheckIn,75,7.580135989903421E-4
Nq_CheckIn,76,0.002427325826664489
Nq_CheckIn,77,0.0011490369047657835
Nq_CheckIn,78,9.561209922268939E-4
Nq_CheckIn,79,0.0014486978004048328
Nq_CheckIn,80,0.002197752189857226
Nq_CheckIn,81,0.0022912225392574402
Nq_CheckIn,82,9.1693151746534E-4
Nq_CheckIn,83,9.586137523626531E-4
Nq_CheckIn,84,2.6562931203971674E-4
Nq_CheckIn,85,0.002731898908931221
Nq_CheckIn,86,0.0024181578352233733
Nq_CheckIn,87,9.664119835999351E-4
Nq_CheckIn,88,0.0
Nq_CheckIn,89,0.0014446592506138906
Nq_CheckIn,90,7.679278098578335E-4
Nq_CheckIn,91,0.0038626065229754166
Nq_CheckIn,92,9.369955188768581E-4
Nq_CheckIn,93,0.004280929659572609
Nq_CheckIn,94,0.003662304864784522
Nq_CheckIn,95,0.004694025726857944
Nq_CheckIn,96,0.003580452138561151
X_Recupero,1,7.903235744451128
X_Recupero,2,7.679524859179818
X_Recupero,3,7.983076053828123
X_Recupero,4,7.962349206916584
X_Recupero,5,8.084006466295708
X_Recupero,6,7.780380987390641
X_Recupero,7,7.805681799128595
X_Recupero,8,7.595533581890858
X_Recupero,9,7.895483718945118
X_Recupero,10,8.256185712066234
X_Recupero,11,7.630773855848264
X_Recupero,12,7.86404816068341
X_Recupero,13,7.935234113134713
X_Recupero,14,8.103727568000604
X_Recupero,15,8.002223925626478
X_Recupero,16,8.136694920079176
X_Recupero,17,7.988142844398161
X_Recupero,18,7.621724291827358
X_Recupero,19,7.910748012240493
X_Recupero,20,8.187811379155862
X_Recupero,21,8.11959855049857
X_Recupero,22,7.9179701457186455
X_Recupero,23,7.955767964057928
X_Recupero,24,7.492236917759197
X_Recupero,25,8.05564459520726
X_Recupero,26,8.160092950357184
X_Recupero,27,7.9028601487364964
X_Recupero,28,7.983581722448379
X_Recupero,29,7.660221118778364
X_Recupero,30,8.25931155204282
X_Recupero,31,8.192758650363068
X_Recupero,32,8.117473040438078
X_Recupero,33,8.047265147236212
X_Recupero,34,7.806785340687415
X_Recupero,35,8.080495653889006
X_Recupero,36,7.751932325795235
X_Recupero,37,8.08037267072139
X_Recupero,38,8.274590866300725
X_Recupero,39,7.771033705441713
X_Recupero,40,8.095775298791063
X_Recupero,41,8.26683366851587
X_Recupero,42,8.386012308247718
X_Recupero,43,8.23858929580099
X_Recupero,44,7.9122376452373935
X_Recupero,45,7.500091771079675
X_Recupero,46,8.26064426734836
X_Recupero,47,8.10227880911531
X_Recupero,48,8.300382359267886
X_Recupero,49,8.279969718945033
X_Recupero,50,8.03255956025065
X_Recupero,51,8.306038781803888
X_Recupero,52,8.89538593954184
X_Recupero,53,7.904312400798809
X_Recupero,54,7.950230899912144
X_Recupero,55,7.711052706271941
X_Recupero,56,7.939187855701976
X_Recupero,57,7.759620769920006
X_Recupero,58,8.107524110263016
X_Recupero,59,8.206595016457449
X_Recupero,60,8.50640473052735
X_Recupero,61,8.058827035393458
X_Recupero,62,7.698889733197895
X_Recupero,63,7.707211901132092
X_Recupero,64,8.141542368835848
X_Recupero,65,8.215373600153214
X_Recupero,66,7.821805415458716
X_Recupero,67,7.838496798412509
X_Recupero,68,7.943699740580773
X_Recupero,69,8.60073372520776
X_Recupero,70,8.065046007662815
X_Recupero,71,8.199504030232175
X_Recupero,72,7.536780958693699
X_Recupero,73,7.814520889846869
X_Recupero,74,7.679747364909625
X_Recupero,75,8.033013426727603
X_Recupero,76,7.375266979975575
X_Recupero,77,7.925529403104904
X_Recupero,78,8.050383049830634
X_Recupero,79,8.44969804376258
X_Recupero,80,7.614074766134008
X_Recupero,81,7.889656861411828
X_Recupero,82,7.7055820761634335
X_Recupero,83,8.059588715367648
X_Recupero,84,8.120847650488704
X_Recupero,85,7.833551418125221
X_Recupero,86,8.01161735137138
X_Recupero,87,8.217896667574632
X_Recupero,88,7.394621734348207
X_Recupero,89,7.93882603773695
X_Recupero,90,8.255196304848244
X_Recupero,91,8.088880979100358
X_Recupero,92,8.180205486525752
X_Recupero,93,8.392394717771124
X_Recupero,94,7.79304239947892
X_Recupero,95,7.901439391980581
X_Recupero,96,8.168356132721456
Ns_TraceDetection,1,0.5294537872061302
Ns_TraceDetection,2,0.49639048593234625
Ns_TraceDetection,3,0.5298859482137477
Ns_TraceDetection,4,0.5224713159261998
Ns_TraceDetection,5,0.5371256895060483
Ns_TraceDetection,6,0.5818306382571635
Ns_TraceDetection,7,0.5426808203021216
Ns_TraceDetection,8,0.47468082513381205
Ns_TraceDetection,9,0.5306498499556725
Ns_TraceDetection,10,0.5108042803131486
Ns_TraceDetection,11,0.5249548393896338
Ns_TraceDetection,12,0.4860087119789619
Ns_TraceDetection,13,0.5514034431690745
Ns_TraceDetection,14,0.5269492670744107
Ns_TraceDetection,15,0.5323699934998416
Ns_TraceDetection,16,0.5316303969862851
Ns_TraceDetection,17,0.5330854026019196
Ns_TraceDetection,18,0.5189980700677033
Ns_TraceDetection,19,0.5353856605907863
Ns_TraceDetection,20,0.5828477445530444
Ns_TraceDetection,21,0.5350682638481742
Ns_TraceDetection,22,0.5136099140135869
Ns_TraceDetection,23,0.5290479590289391
Ns_TraceDetection,24,0.4856559375145206
Ns_TraceDetection,25,0.5430770389650321
Ns_TraceDetection,26,0.5251138389734601
Ns_TraceDetection,27,0.48958350472228424
Ns_TraceDetection,28,0.50017796910378
Ns_TraceDetection,29,0.4974728821555095
Ns_TraceDetection,30,0.5370792668017822
Ns_TraceDetection,31,0.5247168987434285
Ns_TraceDetection,32,0.5308154796387132
Ns_TraceDetection,33,0.45314414207740744
Ns_TraceDetection,34,0.5199613119178603
Ns_TraceDetection,35,0.5380550795455197
Ns_TraceDetection,36,0.4925479136512874
Ns_TraceDetection,37,0.5358726056971399
Ns_TraceDetection,38,0.5206028625488581
Ns_TraceDetection,39,0.5384206972450978
Ns_TraceDetection,40,0.5467789299807355
Ns_TraceDetection,41,0.5369691325683982
Ns_TraceDetection,42,0.5481918879742492
Ns_TraceDetection,43,0.5169186998853449
Ns_TraceDetection,44,0.5134993592276889
Ns_TraceDetection,45,0.5482031849620268
Ns_TraceDetection,46,0.5022685851736379
Ns_TraceDetection,47,0.5381355204588597
Ns_TraceDetection,48,0.6019042626615438
Ns_TraceDetection,49,0.5145646588269491
Ns_TraceDetection,50,0.5408790401126279
Ns_TraceDetection,51,0.5456295428720764
Ns_TraceDetection,52,0.541804220182577
Ns_TraceDetection,53,0.5028544990722634
Ns_TraceDetection,54,0.495799131172823
Ns_TraceDetection,55,0.5565593777573283
Ns_TraceDetection,56,0.5350782820103099
Ns_TraceDetection,57,0.5248683819541415
Ns_TraceDetection,58,0.5305068295426895
Ns_TraceDetection,59,0.5286564437906147
Ns_TraceDetection,60,0.5751053499512966
Ns_TraceDetection,61,0.5539670477841943
Ns_TraceDetection,62,0.48726310090547187
Ns_TraceDetection,63,0.4977984320540204
Ns_TraceDetection,64,0.5602135105719613
Ns_TraceDetection,65,0.5214145900616575
Ns_TraceDetection,66,0.48624562089768647
Ns_TraceDetection,67,0.5135273925195527
Ns_TraceDetection,68,0.5169053876776597
Ns_TraceDetection,69,0.5352325586145247
Ns_TraceDetection,70,0.5083718119108322
Ns_TraceDetection,71,0.5075814001336371
Ns_TraceDetection,72,0.513764744262343
Ns_TraceDetection,73,0.5443591966007235
Ns_TraceDetection,74,0.5151545170979112
Ns_TraceDetection,75,0.49498305857810243
Ns_TraceDetection,76,0.5100737618091378
Ns_TraceDetection,77,0.5306549092166014
Ns_TraceDetection,78,0.5139932542344376
Ns_TraceDetection,79,0.5554686506133236
Ns_TraceDetection,80,0.4970239079997295
Ns_TraceDetection,81,0.5538756115297053
Ns_TraceDetection,82,0.5635832841351394
Ns_TraceDetection,83,0.5625573145069781
Ns_TraceDetection,84,0.49390583221828505
Ns_TraceDetection,85,0.5153256209139543
Ns_TraceDetection,86,0.5436620313531528
Ns_TraceDetection,87,0.5242807660952994
Ns_TraceDetection,88,0.5242282248394962
Ns_TraceDetection,89,0.5236422756556722
Ns_TraceDetection,90,0.5193789711423346
Ns_TraceDetection,91,0.49622389069850076
Ns_TraceDetection,92,0.4944791540793919
Ns_TraceDetection,93,0.5393425542558934
Ns_TraceDetection,94,0.5438121146405648
Ns_TraceDetection,95,0.49101799920025097
Ns_TraceDetection,96,0.5423916135063399
Nq_XRay,1,0.17376381946003389
Nq_XRay,2,0.12394308610590316
Nq_XRay,3,0.18542212716429202
Nq_XRay,4,0.13305059308701475
Nq_XRay,5,0.1668034215505417
Nq_XRay,6,0.13833908229975764
Nq_XRay,7,0.13138783610690447
Nq_XRay,8,0.11329102422835015
Nq_XRay,9,0.1498107635865029
Nq_XRay,10,0.18799337934780572
Nq_XRay,11,0.10165061528573867
Nq_XRay,12,0.20197622559901568
Nq_XRay,13,0.1308883325648911
Nq_XRay,14,0.2236315090120948
Nq_XRay,15,0.12546289611692052
Nq_XRay,16,0.16185299819227966
Nq_XRay,17,0.23468689379363616
Nq_XRay,18,0.15628132014837565
Nq_XRay,19,0.1309129720024498
Nq_XRay,20,0.12232012969225672
Nq_XRay,21,0.1581271734097184
Nq_XRay,22,0.14182600759252692
Nq_XRay,23,0.22946158182762688
Nq_XRay,24,0.1948161538233141
Nq_XRay,25,0.17102169887158897
Nq_XRay,26,0.2267848505649761
Nq_XRay,27,0.21613899920172353
Nq_XRay,28,0.12202364067240878
Nq_XRay,29,0.1079381118835096
Nq_XRay,30,0.22016394549061452
Nq_XRay,31,0.25343527146689815
Nq_XRay,32,0.1957289642065604
Nq_XRay,33,0.17978752724116032
Nq_XRay,34,0.1723577592507857
Nq_XRay,35,0.1895192666815565
Nq_XRay,36,0.19392341164012591
Nq_XRay,37,0.18611940045528727
Nq_XRay,38,0.2550426722789987
Nq_XRay,39,0.1909572963727099
Nq_XRay,40,0.2028651603805266
Nq_XRay,41,0.2196293259837545
Nq_XRay,42,0.17629680287659816
Nq_XRay,43,0.2869132040123765
Nq_XRay,44,0.17427288292287632
Nq_XRay,45,0.15221314932027485
Nq_XRay,46,0.19772071033158614
Nq_XRay,47,0.20150260526872607
Nq_XRay,48,0.20785608826113458
Nq_XRay,49,0.15237448733343323
Nq_XRay,50,0.2253265685548491
Nq_XRay,51,0.259996564348063
Nq_XRay,52,0.22976096527830459
Nq_XRay,53,0.15267330940752763
Nq_XRay,54,0.2135759516104629
Nq_XRay,55,0.16982769030705114
Nq_XRay,56,0.23759487333679755
Nq_XRay,57,0.13686998275151968
Nq_XRay,58,0.22055452195951866
Nq_XRay,59,0.13741964250600278
Nq_XRay,60,0.41270190203157847
Nq_XRay,61,0.17793644815010054
Nq_XRay,62,0.10751222284048179
Nq_XRay,63,0.14885138303054202
Nq_XRay,64,0.11605802001849481
Nq_XRay,65,0.15879874982306605
Nq_XRay,66,0.1278549710965272
Nq_XRay,67,0.21748719784355752
Nq_XRay,68,0.17147219344296052
Nq_XRay,69,0.2846897045017127
Nq_XRay,70,0.18363320592055896
Nq_XRay,71,0.18208807185144424
Nq_XRay,72,0.11336767896777461
Nq_XRay,73,0.14702618958127428
Nq_XRay,74,0.11819867731411153
Nq_XRay,75,0.1498338556699159
Nq_XRay,76,0.12258870290635103
Nq_XRay,77,0.11677549554082435
Nq_XRay,78,0.15986132324412936
Nq_XRay,79,0.29450342869491347
Nq_XRay,80,0.17340741920475136
Nq_XRay,81,0.23254850535373955
Nq_XRay,82,0.16937435778179424
Nq_XRay,83,0.15039346601535825
Nq_XRay,84,0.16378335910450179
Nq_XRay,85,0.2526070821671172
Nq_XRay,86,0.1823722808977123
Nq_XRay,87,0.2564383201869334
Nq_XRay,88,0.10850079309723358
Nq_XRay,89,0.17797680470740862
Nq_XRay,90,0.190914691318394
Nq_XRay,91,0.19984950902621834
Nq_XRay,92,0.12088148329667607
Nq_XRay,93,0.18225064976075747
Nq_XRay,94,0.15729453457510645
Nq_XRay,95,0.19098416582472055
Nq_XRay,96,0.15766279422563217
Ts_CheckIn,1,104.61797949511015
Ts_CheckIn,2,105.16850789288723
Ts_CheckIn,3,103.92713304814552
Ts_CheckIn,4,105.2609329828664
Ts_CheckIn,5,106.42521767286865
Ts_CheckIn,6,104.55864275285406
Ts_CheckIn,7,106.00005436329644
Ts_CheckIn,8,104.70451711646332
Ts_CheckIn,9,105.56891501032946
Ts_CheckIn,10,105.72319657080494
Ts_CheckIn,11,104.87382463553087
Ts_CheckIn,12,105.4809824282159
Ts_CheckIn,13,104.99524827976065
Ts_CheckIn,14,104.16710561225848
Ts_CheckIn,15,103.8906663202921
Ts_CheckIn,16,105.40675978256924
Ts_CheckIn,17,105.14898073945498
Ts_CheckIn,18,104.2102922384445
Ts_CheckIn,19,104.55505459027363
Ts_CheckIn,20,104.50990465159799
Ts_CheckIn,21,106.91185573843713
Ts_CheckIn,22,103.41495214517076
Ts_CheckIn,23,103.84180714470611
Ts_CheckIn,24,105.35336950619174
Ts_CheckIn,25,104.50155143550688
Ts_CheckIn,26,103.52400925813062
Ts_CheckIn,27,103.7820716696483
Ts_CheckIn,28,103.77823885383464
Ts_CheckIn,29,105.58596550327644
Ts_CheckIn,30,105.3025970833762
Ts_CheckIn,31,104.85982744970933
Ts_CheckIn,32,104.04804783009588
Ts_CheckIn,33,104.83982779656654
Ts_CheckIn,34,104.6342441799824
Ts_CheckIn,35,104.12504201650412
Ts_CheckIn,36,104.48875390611421
Ts_CheckIn,37,103.81709822345077
Ts_CheckIn,38,103.97752354255171
Ts_CheckIn,39,104.55126506986066
Ts_CheckIn,40,105.30395137580409
Ts_CheckIn,41,105.28374325966018
Ts_CheckIn,42,104.70701971988807
Ts_CheckIn,43,105.38527162855004
Ts_CheckIn,44,104.57767120511315
Ts_CheckIn,45,105.50871324606123
Ts_CheckIn,46,105.22101057237165
Ts_CheckIn,47,104.48353516910963
Ts_CheckIn,48,106.58595818280614
Ts_CheckIn,49,105.6040019472466
Ts_CheckIn,50,104.84724405106735
Ts_CheckIn,51,104.96193308720831
Ts_CheckIn,52,105.50625530936307
Ts_CheckIn,53,105.38450373184945
Ts_CheckIn,54,104.74976330635448
Ts_CheckIn,55,104.20442927115148
Ts_CheckIn,56,105.22902573336184
Ts_CheckIn,57,105.18152156520324
Ts_CheckIn,58,104.263633263234
Ts_CheckIn,59,105.112351976968
Ts_CheckIn,60,104.75036026204643
Ts_CheckIn,61,104.24579351286671
Ts_CheckIn,62,105.28260216706225
Ts_CheckIn,63,104.98270097668627
Ts_CheckIn,64,104.40161290582296
Ts_CheckIn,65,106.21922780644252
Ts_CheckIn,66,105.04407753707385
Ts_CheckIn,67,105.03802445557668
Ts_CheckIn,68,104.12501013114169
Ts_CheckIn,69,104.64906678339294
Ts_CheckIn,70,105.37032974858259
Ts_CheckIn,71,104.70453886215584
Ts_CheckIn,72,103.60465324288838
Ts_CheckIn,73,104.82109102156635
Ts_CheckIn,74,105.163087834495
Ts_CheckIn,75,105.60125276062043
Ts_CheckIn,76,104.69199019224443
Ts_CheckIn,77,105.23064371875176
Ts_CheckIn,78,104.87667272144549
Ts_CheckIn,79,104.12971463015872
Ts_CheckIn,80,104.56650540800679
Ts_CheckIn,81,106.06949198778193
Ts_CheckIn,82,105.06230529324428
Ts_CheckIn,83,104.19285104315495
Ts_CheckIn,84,103.58103973234925
Ts_CheckIn,85,104.98869502049854
Ts_CheckIn,86,106.41978890326918
Ts_CheckIn,87,104.95392668683306
Ts_CheckIn,88,104.16500832228188
Ts_CheckIn,89,105.03232640954536
Ts_CheckIn,90,104.75846194255001
Ts_CheckIn,91,105.05872514720454
Ts_CheckIn,92,104.97954276571248
Ts_CheckIn,93,104.29296176234148
Ts_CheckIn,94,103.4579516820282
Ts_CheckIn,95,104.5854718274493
Ts_CheckIn,96,104.48760195604216
S_Varchi,1,13.537372814529915
S_Varchi,2,13.634830884322165
S_Varchi,3,13.540952816708254
S_Varchi,4,13.547987101853789
S_Varchi,5,13.52062887182463
S_Varchi,6,13.478080335381728
S_Varchi,7,13.542353357845288
S_Varchi,8,13.388903446174691
S_Varchi,9,13.65960822494394
S_Varchi,10,13.446776325387678
S_Varchi,11,13.408662637236962
S_Varchi,12,13.549003503365034
S_Varchi,13,13.648005087289924
S_Varchi,14,13.6078671768312
S_Varchi,15,13.450436039189528
S_Varchi,16,13.524616420953814
S_Varchi,17,13.373166019717852
S_Varchi,18,13.449550513107452
S_Varchi,19,13.664375863497682
S_Varchi,20,13.586476038590815
S_Varchi,21,13.644431242439033
S_Varchi,22,13.688382690719273
S_Varchi,23,13.51338374565433
S_Varchi,24,13.581891873297367
S_Varchi,25,13.504291395154453
S_Varchi,26,13.666581228324288
S_Varchi,27,13.57078815297368
S_Varchi,28,13.298218949319239
S_Varchi,29,13.516580915875426
S_Varchi,30,13.6033967540981
S_Varchi,31,13.460077307206424
S_Varchi,32,13.569889019077312
S_Varchi,33,13.497577169775656
S_Varchi,34,13.518952227046247
S_Varchi,35,13.415722568926975
S_Varchi,36,13.402942163272249
S_Varchi,37,13.521369729774758
S_Varchi,38,13.55508371382721
S_Varchi,39,13.611904253606054
S_Varchi,40,13.630904420987267
S_Varchi,41,13.528150616103408
S_Varchi,42,13.53546501480806
S_Varchi,43,13.472332127994633
S_Varchi,44,13.493962567497187
S_Varchi,45,13.540231362834499
S_Varchi,46,13.552831517471242
S_Varchi,47,13.536594248377757
S_Varchi,48,13.615959907115299
S_Varchi,49,13.66016727622331
S_Varchi,50,13.498077426942743
S_Varchi,51,13.712108978543633
S_Varchi,52,13.373660252403674
S_Varchi,53,13.538799120453769
S_Varchi,54,13.511846050072496
S_Varchi,55,13.382848010024732
S_Varchi,56,13.483378514212111
S_Varchi,57,13.390466935814711
S_Varchi,58,13.629422571427616
S_Varchi,59,13.652029960003091
S_Varchi,60,13.412505935881443
S_Varchi,61,13.441518325838087
S_Varchi,62,13.581298765421336
S_Varchi,63,13.545177988867552
S_Varchi,64,13.481582774180074
S_Varchi,65,13.644184450085353
S_Varchi,66,13.468237286304873
S_Varchi,67,13.51526561224816
S_Varchi,68,13.441031116142188
S_Varchi,69,13.450516337363041
S_Varchi,70,13.499792972710674
S_Varchi,71,13.72661269019332
S_Varchi,72,13.475419916180869
S_Varchi,73,13.714241575108435
S_Varchi,74,13.538189545423181
S_Varchi,75,13.561216398118995
S_Varchi,76,13.56405298647544
S_Varchi,77,13.507501261837186
S_Varchi,78,13.531662143232664
S_Varchi,79,13.485949338385533
S_Varchi,80,13.677561727979143
S_Varchi,81,13.556645234880314
S_Varchi,82,13.563980612770818
S_Varchi,83,13.546537321492925
S_Varchi,84,13.681500523589138
S_Varchi,85,13.477899222573507
S_Varchi,86,13.599365171080636
S_Varchi,87,13.553724333291003
S_Varchi,88,13.56475365010793
S_Varchi,89,13.469873615890242
S_Varchi,90,13.64208585878196
S_Varchi,91,13.525700650218425
S_Varchi,92,13.599841067375813
S_Varchi,93,13.547096189188219
S_Varchi,94,13.454509374715768
S_Varchi,95,13.569835859379964
S_Varchi,96,13.592106621034219
Tq_XRay,1,2.7661098291122888
Tq_XRay,2,2.0023475641878057
Tq_XRay,3,2.9248740169103473
Tq_XRay,4,2.1047523150839633
Tq_XRay,5,2.614732962925096
Tq_XRay,6,2.2325551708755658
Tq_XRay,7,2.10489008215549
Tq_XRay,8,1.8575183423584234
Tq_XRay,9,2.37116232888018
Tq_XRay,10,2.8437329964470948
Tq_XRay,11,1.655343004260535
Tq_XRay,12,3.191927390467565
Tq_XRay,13,2.0346865936842127
Tq_XRay,14,3.454129867433595
Tq_XRay,15,1.9526933331495242
Tq_XRay,16,2.491539440633022
Tq_XRay,17,3.6766032314966584
Tq_XRay,18,2.5299457437633635
Tq_XRay,19,2.0618342359301236
Tq_XRay,20,1.9029187787032504
Tq_XRay,21,2.4380799316284807
Tq_XRay,22,2.2566147171602804
Tq_XRay,23,3.641228180767535
Tq_XRay,24,3.2264408320805598
Tq_XRay,25,2.6660579444320662
Tq_XRay,26,3.39188046792208
Tq_XRay,27,3.5279955299220296
Tq_XRay,28,1.9006310537779765
Tq_XRay,29,1.806788314915836
Tq_XRay,30,3.358710771197177
Tq_XRay,31,3.8513674343189273
Tq_XRay,32,3.0047445285122354
Tq_XRay,33,2.8013699854238436
Tq_XRay,34,2.768630387224498
Tq_XRay,35,2.919027137580117
Tq_XRay,36,3.14479168477079
Tq_XRay,37,2.858704432236356
Tq_XRay,38,3.897788883537528
Tq_XRay,39,3.0956042759828217
Tq_XRay,40,3.151241712502844
Tq_XRay,41,3.3284668045103185
Tq_XRay,42,2.6964112434669913
Tq_XRay,43,4.349201986003925
Tq_XRay,44,2.7451807672794333
Tq_XRay,45,2.56651677500345
Tq_XRay,46,2.9798496370826757
Tq_XRay,47,3.0618262336398567
Tq_XRay,48,3.1923989781704614
Tq_XRay,49,2.3088738348539994
Tq_XRay,50,3.4595005149188514
Tq_XRay,51,3.9049946558418775
Tq_XRay,52,3.3207328998913046
Tq_XRay,53,2.4248260006065356
Tq_XRay,54,3.329689458159154
Tq_XRay,55,2.738942786074797
Tq_XRay,56,3.7442986623403463
Tq_XRay,57,2.2179303502997048
Tq_XRay,58,3.390088876868942
Tq_XRay,59,2.149185424453592
Tq_XRay,60,6.000201184381257
Tq_XRay,61,2.760892036772135
Tq_XRay,62,1.7714085138767122
Tq_XRay,63,2.3848430917304793
Tq_XRay,64,1.8088647498121135
Tq_XRay,65,2.435299921179616
Tq_XRay,66,2.086169973940007
Tq_XRay,67,3.5084078060506347
Tq_XRay,68,2.7144261692813445
Tq_XRay,69,4.088089454949815
Tq_XRay,70,2.923682672187155
Tq_XRay,71,2.8079929360587372
Tq_XRay,72,1.8393164209381696
Tq_XRay,73,2.424673697466924
Tq_XRay,74,1.9011213590331104
Tq_XRay,75,2.366148263595855
Tq_XRay,76,2.0811576034552535
Tq_XRay,77,1.858555071607296
Tq_XRay,78,2.519308851509735
Tq_XRay,79,4.373789745850997
Tq_XRay,80,2.821497869577042
Tq_XRay,81,3.609765626073483
Tq_XRay,82,2.723121805910618
Tq_XRay,83,2.3214931338101907
Tq_XRay,84,2.5249754707972607
Tq_XRay,85,4.052903506968869
Tq_XRay,86,2.8362891899969243
Tq_XRay,87,3.9057267346236766
Tq_XRay,88,1.8120198071610083
Tq_XRay,89,2.8007169902723508
Tq_XRay,90,2.929032829001052
Tq_XRay,91,3.0916861897287027
Tq_XRay,92,1.8621575887500377
Tq_XRay,93,2.7477967452432224
Tq_XRay,94,2.5228919515302146
Tq_XRay,95,2.9851517098009395
Tq_XRay,96,2.4633735523246134
S_XRay,1,49.691157093628334
S_XRay,2,50.65070364984721
S_XRay,3,49.960438976787515
S_XRay,4,50.04658314740521
S_XRay,5,49.92915128526458
S_XRay,6,50.69432147990606
S_XRay,7,49.35399608729621
S_XRay,8,48.8726869391883
S_XRay,9,49.610045302370146
S_XRay,10,50.20396506208312
S_XRay,11,49.36012208322424
S_XRay,12,49.772679859002935
S_XRay,13,48.66040576225361
S_XRay,14,50.59505857871959
S_XRay,15,49.40571481798063
S_XRay,16,49.72350497725808
S_XRay,17,49.9690438624451
S_XRay,18,51.02803346895278
S_XRay,19,48.701082916382894
S_XRay,20,49.47795811326289
S_XRay,21,48.975907606684174
S_XRay,22,49.482478979636355
S_XRay,23,50.77204319069316
S_XRay,24,49.85707768023502
S_XRay,25,50.03260766984668
S_XRay,26,49.63123490877193
S_XRay,27,49.74090461078692
S_XRay,28,49.689955329236845
S_XRay,29,49.431813273688185
S_XRay,30,49.765170804090495
S_XRay,31,50.32514221849754
S_XRay,32,50.82183948755081
S_XRay,33,49.16635946508915
S_XRay,34,50.433662599379076
S_XRay,35,49.93028122110387
S_XRay,36,49.26671503780979
S_XRay,37,50.888866343554454
S_XRay,38,49.818851793511485
S_XRay,39,49.5287759578499
S_XRay,40,48.80330336122306
S_XRay,41,49.28198770224915
S_XRay,42,49.384926397951226
S_XRay,43,50.76086525640707
S_XRay,44,50.16292272067717
S_XRay,45,50.52870758989011
S_XRay,46,49.73983378332352
S_XRay,47,49.50749172141508
S_XRay,48,49.48547157025745
S_XRay,49,50.433941169041944
S_XRay,50,49.802960519024055
S_XRay,51,50.09174818723361
S_XRay,52,49.611315986848034
S_XRay,53,49.24034324835585
S_XRay,54,50.14505355140891
S_XRay,55,50.84380846132063
S_XRay,56,49.952778224035974
S_XRay,57,49.489582346206426
S_XRay,58,50.09497606303183
S_XRay,59,49.926767439435935
S_XRay,60,49.838709275770924
S_XRay,61,49.38654910063854
S_XRay,62,49.76484785170889
S_XRay,63,49.73105751318422
S_XRay,64,49.858423010605016
S_XRay,65,50.26209435968819
S_XRay,66,49.13014290915173
S_XRay,67,50.09460744747388
S_XRay,68,49.839980415869675
S_XRay,69,49.65863038468179
S_XRay,70,50.35033969469476
S_XRay,71,49.01365773757829
S_XRay,72,49.714425126371985
S_XRay,73,49.78076689077403
S_XRay,74,50.05633941080391
S_XRay,75,50.36256496694491
S_XRay,76,50.278827194652855
S_XRay,77,48.909311644878905
S_XRay,78,49.4058405337866
S_XRay,79,50.00423510399889
S_XRay,80,49.14477976412745
S_XRay,81,50.027858778917775
S_XRay,82,49.675266183755376
S_XRay,83,49.73743244055292
S_XRay,84,48.73186141850138
S_XRay,85,50.553139880064585
S_XRay,86,49.65658316650575
S_XRay,87,49.74932880384235
S_XRay,88,48.58910926089178
S_XRay,89,50.35303419379849
S_XRay,90,50.077985162230824
S_XRay,91,50.162997086142205
S_XRay,92,50.53748845455918
S_XRay,93,49.79646199600905
S_XRay,94,50.32271420461281
S_XRay,95,49.81240942469298
S_XRay,96,48.94203705557652
Nq_Recupero,1,0.0
Nq_Recupero,2,0.0
Nq_Recupero,3,0.0
Nq_Recupero,4,0.0
Nq_Recupero,5,0.0
Nq_Recupero,6,0.0
Nq_Recupero,7,0.0
Nq_Recupero,8,0.0
Nq_Recupero,9,0.0
Nq_Recupero,10,0.0
Nq_Recupero,11,0.0
Nq_Recupero,12,0.0
Nq_Recupero,13,0.0
Nq_Recupero,14,0.0
Nq_Recupero,15,0.0
Nq_Recupero,16,0.0
Nq_Recupero,17,0.0
Nq_Recupero,18,0.0
Nq_Recupero,19,0.0
Nq_Recupero,20,0.0
Nq_Recupero,21,0.0
Nq_Recupero,22,0.0
Nq_Recupero,23,0.0
Nq_Recupero,24,0.0
Nq_Recupero,25,0.0
Nq_Recupero,26,0.0
Nq_Recupero,27,0.0
Nq_Recupero,28,0.0
Nq_Recupero,29,0.0
Nq_Recupero,30,0.0
Nq_Recupero,31,0.0
Nq_Recupero,32,0.0
Nq_Recupero,33,0.0
Nq_Recupero,34,0.0
Nq_Recupero,35,0.0
Nq_Recupero,36,0.0
Nq_Recupero,37,0.0
Nq_Recupero,38,0.0
Nq_Recupero,39,0.0
Nq_Recupero,40,0.0
Nq_Recupero,41,0.0
Nq_Recupero,42,0.0
Nq_Recupero,43,0.0
Nq_Recupero,44,0.0
Nq_Recupero,45,0.0
Nq_Recupero,46,0.0
Nq_Recupero,47,0.0
Nq_Recupero,48,0.0
Nq_Recupero,49,0.0
Nq_Recupero,50,0.0
Nq_Recupero,51,0.0
Nq_Recupero,52,0.0
Nq_Recupero,53,0.0
Nq_Recupero,54,0.0
Nq_Recupero,55,0.0
Nq_Recupero,56,0.0
Nq_Recupero,57,0.0
Nq_Recupero,58,0.0
Nq_Recupero,59,0.0
Nq_Recupero,60,0.0
Nq_Recupero,61,0.0
Nq_Recupero,62,0.0
Nq_Recupero,63,0.0
Nq_Recupero,64,0.0
Nq_Recupero,65,0.0
Nq_Recupero,66,0.0
Nq_Recupero,67,0.0
Nq_Recupero,68,0.0
Nq_Recupero,69,0.0
Nq_Recupero,70,0.0
Nq_Recupero,71,0.0
Nq_Recupero,72,0.0
Nq_Recupero,73,0.0
Nq_Recupero,74,0.0
Nq_Recupero,75,0.0
Nq_Recupero,76,0.0
Nq_Recupero,77,0.0
Nq_Recupero,78,0.0
Nq_Recupero,79,0.0
Nq_Recupero,80,0.0
Nq_Recupero,81,0.0
Nq_Recupero,82,0.0
Nq_Recupero,83,0.0
Nq_Recupero,84,0.0
Nq_Recupero,85,0.0
Nq_Recupero,86,0.0
Nq_Recupero,87,0.0
Nq_Recupero,88,0.0
Nq_Recupero,89,0.0
Nq_Recupero,90,0.0
Nq_Recupero,91,0.0
Nq_Recupero,92,0.0
Nq_Recupero,93,0.0
Nq_Recupero,94,0.0
Nq_Recupero,95,0.0
Nq_Recupero,96,0.0
S_Recupero,1,125.71165293406787
S_Recupero,2,124.23805452864679
S_Recupero,3,126.28461055167061
S_Recupero,4,125.99658233100466
S_Recupero,5,126.1541312371622
S_Recupero,6,125.22738447827443
S_Recupero,7,125.37574266961437
S_Recupero,8,124.56297077853291
S_Recupero,9,124.51855650039641
S_Recupero,10,125.68969187270537
S_Recupero,11,123.93860684757598
S_Recupero,12,124.48245194029856
S_Recupero,13,125.57788905101624
S_Recupero,14,123.8095093636434
S_Recupero,15,124.18092709752506
S_Recupero,16,125.73012240889878
S_Recupero,17,124.90022235031016
S_Recupero,18,123.29390923492998
S_Recupero,19,124.73644138962754
S_Recupero,20,127.18001790757445
S_Recupero,21,125.42972935384222
S_Recupero,22,125.5022694560268
S_Recupero,23,126.47593674165142
S_Recupero,24,124.35712551574397
S_Recupero,25,125.87555582438223
S_Recupero,26,124.93084318230324
S_Recupero,27,125.81567303293241
S_Recupero,28,127.26377027666486
S_Recupero,29,125.10891340746366
S_Recupero,30,126.29201043303377
S_Recupero,31,124.17345923251705
S_Recupero,32,124.12692577977379
S_Recupero,33,125.7555848310764
S_Recupero,34,125.7901790945449
S_Recupero,35,125.3775342201925
S_Recupero,36,124.41985747944628
S_Recupero,37,125.31609492152552
S_Recupero,38,125.53519761557497
S_Recupero,39,125.70608692782753
S_Recupero,40,125.63254644437079
S_Recupero,41,126.76046631625482
S_Recupero,42,127.08945964715471
S_Recupero,43,124.99852235456034
S_Recupero,44,124.48900445034799
S_Recupero,45,126.46246531042648
S_Recupero,46,124.85216015783986
S_Recupero,47,125.20593072989388
S_Recupero,48,125.55937637548357
S_Recupero,49,124.8672887532392
S_Recupero,50,124.32565944946288
S_Recupero,51,124.5529286764365
S_Recupero,52,128.11220278754806
S_Recupero,53,124.76023553534824
S_Recupero,54,124.22827366991238
S_Recupero,55,124.50215217705355
S_Recupero,56,125.01852455257925
S_Recupero,57,125.86842912926987
S_Recupero,58,125.12801659370199
S_Recupero,59,127.53858697569177
S_Recupero,60,123.98974850403546
S_Recupero,61,125.63558583986057
S_Recupero,62,125.654842372158
S_Recupero,63,123.93615821776373
S_Recupero,64,126.73188800750887
S_Recupero,65,126.25582142792689
S_Recupero,66,127.5238355411941
S_Recupero,67,125.49065425894632
S_Recupero,68,126.23799335314693
S_Recupero,69,124.7560874116068
S_Recupero,70,126.44130266270648
S_Recupero,71,126.63638798007634
S_Recupero,72,124.59403858105868
S_Recupero,73,127.32330878913872
S_Recupero,74,124.74733968660951
S_Recupero,75,125.3945244394385
S_Recupero,76,125.79979250886417
S_Recupero,77,125.9672157066484
S_Recupero,78,126.99687497564527
S_Recupero,79,125.06223387324545
S_Recupero,80,124.01209981748424
S_Recupero,81,122.20537868586295
S_Recupero,82,124.26681410387737
S_Recupero,83,124.55060964175198
S_Recupero,84,125.04859948518138
S_Recupero,85,126.67718768511097
S_Recupero,86,123.77820127569247
S_Recupero,87,124.67906677435062
S_Recupero,88,123.78978882848858
S_Recupero,89,124.9234066474674
S_Recupero,90,126.05687830131997
S_Recupero,91,125.64381635445191
S_Recupero,92,125.81670265719445
S_Recupero,93,126.44088314949919
S_Recupero,94,125.13470640059806
S_Recupero,95,124.61651497481571
S_Recupero,96,126.30759455883548
Tq_CheckIn,1,0.009005363277373685
Tq_CheckIn,2,0.12179137043595789
Tq_CheckIn,3,0.2691662192740456
Tq_CheckIn,4,0.11941811138152655
Tq_CheckIn,5,0.08918262191528525
Tq_CheckIn,6,0.05812151689951777
Tq_CheckIn,7,0.007333354311885159
Tq_CheckIn,8,0.21769589016024044
Tq_CheckIn,9,0.13559126875758606
Tq_CheckIn,10,0.09643706647505287
Tq_CheckIn,11,0.012170278111422756
Tq_CheckIn,12,0.1966639637576143
Tq_CheckIn,13,0.012801573127809981
Tq_CheckIn,14,0.0868853571267923
Tq_CheckIn,15,0.036941369169012424
Tq_CheckIn,16,0.012699701899540276
Tq_CheckIn,17,0.07404841884186099
Tq_CheckIn,18,0.1346245313478291
Tq_CheckIn,19,0.006198869494846846
Tq_CheckIn,20,0.12665567786288925
Tq_CheckIn,21,0.07798110703918686
Tq_CheckIn,22,0.006945319596404911
Tq_CheckIn,23,0.11137332464956368
Tq_CheckIn,24,0.15155391977923863
Tq_CheckIn,25,0.0
Tq_CheckIn,26,0.09011568959800666
Tq_CheckIn,27,0.06530776401119504
Tq_CheckIn,28,0.08498923215558063
Tq_CheckIn,29,0.020551454470051838
Tq_CheckIn,30,0.030137225161151627
Tq_CheckIn,31,0.019670432622863554
Tq_CheckIn,32,0.0
Tq_CheckIn,33,0.06840214784261425
Tq_CheckIn,34,0.008497748749640504
Tq_CheckIn,35,0.06582534582420406
Tq_CheckIn,36,0.01679568120291353
Tq_CheckIn,37,0.0
Tq_CheckIn,38,0.023319129994292857
Tq_CheckIn,39,0.0
Tq_CheckIn,40,0.05886984504495322
Tq_CheckIn,41,0.0
Tq_CheckIn,42,0.0519839355517265
Tq_CheckIn,43,0.01935113997609595
Tq_CheckIn,44,0.054966344136205145
Tq_CheckIn,45,0.08325549758679807
Tq_CheckIn,46,0.0
Tq_CheckIn,47,0.1884529808202204
Tq_CheckIn,48,0.11953536798034736
Tq_CheckIn,49,0.010444330972515875
Tq_CheckIn,50,0.023271250360886807
Tq_CheckIn,51,0.11137309521566041
Tq_CheckIn,52,0.05681979052111354
Tq_CheckIn,53,0.06867395200750254
Tq_CheckIn,54,0.09246336031318098
Tq_CheckIn,55,0.06337817376005221
Tq_CheckIn,56,0.09573954465854827
Tq_CheckIn,57,0.04187768337413752
Tq_CheckIn,58,0.08937081968739491
Tq_CheckIn,59,0.05489591553425753
Tq_CheckIn,60,0.02913509963632182
Tq_CheckIn,61,0.03683770214666694
Tq_CheckIn,62,0.1631253740631674
Tq_CheckIn,63,0.09915691981074849
Tq_CheckIn,64,0.05723150059579075
Tq_CheckIn,65,0.08135153818660565
Tq_CheckIn,66,0.16557510447391133
Tq_CheckIn,67,0.018677589730644713
Tq_CheckIn,68,0.040226177944124655
Tq_CheckIn,69,0.023766621108150504
Tq_CheckIn,70,0.08364161738610942
Tq_CheckIn,71,0.06902751082175032
Tq_CheckIn,72,0.0
Tq_CheckIn,73,0.03022512524405977
Tq_CheckIn,74,0.05849129444584388
Tq_CheckIn,75,0.030995546304491212
Tq_CheckIn,76,0.08966878760488882
Tq_CheckIn,77,0.046667154207531925
Tq_CheckIn,78,0.03991146029639131
Tq_CheckIn,79,0.05882094365495418
Tq_CheckIn,80,0.0883472524304629
Tq_CheckIn,81,0.08914071760792977
Tq_CheckIn,82,0.039161878123063876
Tq_CheckIn,83,0.038870086067224356
Tq_CheckIn,84,0.010584980737035413
Tq_CheckIn,85,0.11348466793216758
Tq_CheckIn,86,0.10110144038314381
Tq_CheckIn,87,0.039259027733715236
Tq_CheckIn,88,0.0
Tq_CheckIn,89,0.05529312683058776
Tq_CheckIn,90,0.03125795211979292
Tq_CheckIn,91,0.15478457331247905
Tq_CheckIn,92,0.03844269749415279
Tq_CheckIn,93,0.1781146871012256
Tq_CheckIn,94,0.1452244358249799
Tq_CheckIn,95,0.18564997507629358
Tq_CheckIn,96,0.14285400976272397
X_Varchi,1,0.8518514457821833
X_Varchi,2,0.8421070897069098
X_Varchi,3,0.8555539096923124
X_Varchi,4,0.8573526649086931
X_Varchi,5,0.8652818505684566
X_Varchi,6,0.8341136989672899
X_Varchi,7,0.8453398322728362
X_Varchi,8,0.8181781796271734
X_Varchi,9,0.8620909561781859
X_Varchi,10,0.8864524083218253
X_Varchi,11,0.8252308382074717
X_Varchi,12,0.8571338349799932
X_Varchi,13,0.8623683812285706
X_Varchi,14,0.8891513041955841
X_Varchi,15,0.865171687571733
X_Varchi,16,0.8793574327575523
X_Varchi,17,0.8535515355880181
X_Varchi,18,0.8311382979465607
X_Varchi,19,0.8656071589043588
X_Varchi,20,0.8746881934825352
X_Varchi,21,0.8855217807830974
X_Varchi,22,0.8590685263406851
X_Varchi,23,0.8529031754739164
X_Varchi,24,0.8186183819027614
X_Varchi,25,0.8641434435117424
X_Varchi,26,0.8963579194093079
X_Varchi,27,0.8495665828069454
X_Varchi,28,0.8362327664754213
X_Varchi,29,0.8255271713090254
X_Varchi,30,0.8881112063315693
X_Varchi,31,0.8899287930800813
X_Varchi,32,0.8843590293095275
X_Varchi,33,0.8667467176980139
X_Varchi,34,0.8361988745092636
X_Varchi,35,0.8692800259642366
X_Varchi,36,0.8327501665819321
X_Varchi,37,0.8732532678732485
X_Varchi,38,0.8926838919873705
X_Varchi,39,0.839505471849715
X_Varchi,40,0.8775542439144421
X_Varchi,41,0.8854830479370224
X_Varchi,42,0.8918527274568009
X_Varchi,43,0.8877869536887756
X_Varchi,44,0.8585287223310389
X_Varchi,45,0.8029394992599312
X_Varchi,46,0.8978821027334952
X_Varchi,47,0.8758370962371592
X_Varchi,48,0.899581170860835
X_Varchi,49,0.9063498209816037
X_Varchi,50,0.8729032695038346
X_Varchi,51,0.9140172722629597
X_Varchi,52,0.9263761460219312
X_Varchi,53,0.8568445270047693
X_Varchi,54,0.8670438266443442
X_Varchi,55,0.828946403967481
X_Varchi,56,0.855689054176828
X_Varchi,57,0.8269456181279357
X_Varchi,58,0.8835675098377335
X_Varchi,59,0.8747962091812774
X_Varchi,60,0.9235506262554459
X_Varchi,61,0.8617779442198606
X_Varchi,62,0.8299111141495589
X_Varchi,63,0.8444865334257649
X_Varchi,64,0.8651724524461011
X_Varchi,65,0.8894959778972691
X_Varchi,66,0.8267739805719991
X_Varchi,67,0.8388503536926029
X_Varchi,68,0.8494497082459683
X_Varchi,69,0.9250202635008256
X_Varchi,70,0.8611335248524745
X_Varchi,71,0.8892992320899683
X_Varchi,72,0.8108148678973964
X_Varchi,73,0.8467704882268405
X_Varchi,74,0.8358516106412757
X_Varchi,75,0.8644760871149568
X_Varchi,76,0.7983594937029136
X_Varchi,77,0.8494606644791708
X_Varchi,78,0.8580458612029892
X_Varchi,79,0.906321278937641
X_Varchi,80,0.841794724560378
X_Varchi,81,0.8739511681781736
X_Varchi,82,0.8445404941154224
X_Varchi,83,0.8760367600036251
X_Varchi,84,0.8879386230592807
X_Varchi,85,0.8347011823768022
X_Varchi,86,0.8794074108457112
X_Varchi,87,0.8928931090228656
X_Varchi,88,0.8118347055687026
X_Varchi,89,0.8556163847856393
X_Varchi,90,0.8896120654750486
X_Varchi,91,0.8744556540151833
X_Varchi,92,0.8822089945775585
X_Varchi,93,0.8989553279418746
X_Varchi,94,0.8388205815304068
X_Varchi,95,0.8603061108009394
X_Varchi,96,0.8789498461197371
Nq_Varchi,1,0.10789003832268208
Nq_Varchi,2,0.0815154058508175
Nq_Varchi,3,0.10392132134624811
Nq_Varchi,4,0.09609305255339777
Nq_Varchi,5,0.09469983798429507
Nq_Varchi,6,0.08635713163995068
Nq_Varchi,7,0.09616989025640851
Nq_Varchi,8,0.08276243176718617
Nq_Varchi,9,0.08974605640089822
Nq_Varchi,10,0.0841983045960733
Nq_Varchi,11,0.07424118797578864
Nq_Varchi,12,0.09123795805791976
Nq_Varchi,13,0.09711554553054924
Nq_Varchi,14,0.10962621017760887
Nq_Varchi,15,0.07641078803372964
Nq_Varchi,16,0.09059171319437634
Nq_Varchi,17,0.08311642946978916
Nq_Varchi,18,0.08113550449027644
Nq_Varchi,19,0.09984955940741935
Nq_Varchi,20,0.09144559126857409
Nq_Varchi,21,0.09175984440829606
Nq_Varchi,22,0.07910171054176918
Nq_Varchi,23,0.08760139746590354
Nq_Varchi,24,0.09365564026250868
Nq_Varchi,25,0.09851283006261714
Nq_Varchi,26,0.10834290226772399
Nq_Varchi,27,0.0819791332732423
Nq_Varchi,28,0.0951321818659413
Nq_Varchi,29,0.0796846844094546
Nq_Varchi,30,0.10109314438109232
Nq_Varchi,31,0.10263638882350766
Nq_Varchi,32,0.08599743548323598
Nq_Varchi,33,0.10170327092247072
Nq_Varchi,34,0.08449685212277634
Nq_Varchi,35,0.08859694649670836
Nq_Varchi,36,0.07413285568077135
Nq_Varchi,37,0.09258099654394214
Nq_Varchi,38,0.0895727378260212
Nq_Varchi,39,0.08454441886971249
Nq_Varchi,40,0.1033204381556375
Nq_Varchi,41,0.10162550687096138
Nq_Varchi,42,0.08603689798546922
Nq_Varchi,43,0.09209513003274843
Nq_Varchi,44,0.08329728409762772
Nq_Varchi,45,0.08094990648552221
Nq_Varchi,46,0.09963337576522178
Nq_Varchi,47,0.09170279613366779
Nq_Varchi,48,0.09943267128648291
Nq_Varchi,49,0.09459555333870029
Nq_Varchi,50,0.10203032797135526
Nq_Varchi,51,0.11404565842077054
Nq_Varchi,52,0.11587964221215676
Nq_Varchi,53,0.08680707804542348
Nq_Varchi,54,0.08798558858631937
Nq_Varchi,55,0.07567976766969234
Nq_Varchi,56,0.07659242488651143
Nq_Varchi,57,0.09708685037853808
Nq_Varchi,58,0.09728588925644964
Nq_Varchi,59,0.10055928915659401
Nq_Varchi,60,0.09985647308913922
Nq_Varchi,61,0.10054033143548126
Nq_Varchi,62,0.08831702210984504
Nq_Varchi,63,0.09400156378309335
Nq_Varchi,64,0.08257944743865742
Nq_Varchi,65,0.09923511585226703
Nq_Varchi,66,0.07662542776255236
Nq_Varchi,67,0.09131133425406954
Nq_Varchi,68,0.09931747929894458
Nq_Varchi,69,0.11589586918695487
Nq_Varchi,70,0.09527589493855534
Nq_Varchi,71,0.0982117384877486
Nq_Varchi,72,0.08507768246657586
Nq_Varchi,73,0.07769475926951903
Nq_Varchi,74,0.0733887974407713
Nq_Varchi,75,0.09131419973782239
Nq_Varchi,76,0.08092236429880124
Nq_Varchi,77,0.09149909540372156
Nq_Varchi,78,0.09410174495953909
Nq_Varchi,79,0.10466587795580232
Nq_Varchi,80,0.08800561295139597
Nq_Varchi,81,0.10416271998510561
Nq_Varchi,82,0.08609460108941112
Nq_Varchi,83,0.09623313887216177
Nq_Varchi,84,0.10742884566387
Nq_Varchi,85,0.09105038285715347
Nq_Varchi,86,0.09826979419289576
Nq_Varchi,87,0.09978474418809256
Nq_Varchi,88,0.07690150166507974
Nq_Varchi,89,0.08958704255336258
Nq_Varchi,90,0.1051871383677309
Nq_Varchi,91,0.09684968315127762
Nq_Varchi,92,0.09846415127996362
Nq_Varchi,93,0.10180095263866577
Nq_Varchi,94,0.09016432585796608
Nq_Varchi,95,0.10537357874876127
Nq_Varchi,96,0.09935334162802786
Ts_TraceDetection,1,84.34088717249448
Ts_TraceDetection,2,80.89023812212245
Ts_TraceDetection,3,81.75258291437694
Ts_TraceDetection,4,82.16062222258317
Ts_TraceDetection,5,83.22802936417467
Ts_TraceDetection,6,84.74001139630434
Ts_TraceDetection,7,82.60362008515706
Ts_TraceDetection,8,78.70911518834204
Ts_TraceDetection,9,82.82600630480145
Ts_TraceDetection,10,82.39569374658296
Ts_TraceDetection,11,83.06039577425366
Ts_TraceDetection,12,77.41694099536096
Ts_TraceDetection,13,83.87601410028853
Ts_TraceDetection,14,82.23596134511625
Ts_TraceDetection,15,84.09438753019053
Ts_TraceDetection,16,81.88945134689048
Ts_TraceDetection,17,82.27679472356147
Ts_TraceDetection,18,81.33515918705078
Ts_TraceDetection,19,83.47600988818255
Ts_TraceDetection,20,84.90381726158559
Ts_TraceDetection,21,84.27782118267733
Ts_TraceDetection,22,82.5136790722436
Ts_TraceDetection,23,80.87614825802372
Ts_TraceDetection,24,79.62990091909111
Ts_TraceDetection,25,85.98731056984678
Ts_TraceDetection,26,84.21138735761245
Ts_TraceDetection,27,80.04836052003903
Ts_TraceDetection,28,80.95749893760723
Ts_TraceDetection,29,81.26904415613282
Ts_TraceDetection,30,82.20908192289149
Ts_TraceDetection,31,81.61037704525171
Ts_TraceDetection,32,80.22168123940938
Ts_TraceDetection,33,78.62142257383438
Ts_TraceDetection,34,82.01026868363498
Ts_TraceDetection,35,82.97098749854464
Ts_TraceDetection,36,80.1927458141801
Ts_TraceDetection,37,83.6914262283671
Ts_TraceDetection,38,83.08773014961604
Ts_TraceDetection,39,82.29890290012031
Ts_TraceDetection,40,82.9553363773049
Ts_TraceDetection,41,81.65766137943483
Ts_TraceDetection,42,81.89501595493078
Ts_TraceDetection,43,80.37978537548075
Ts_TraceDetection,44,82.20417271839989
Ts_TraceDetection,45,83.41394053151038
Ts_TraceDetection,46,80.3424471978262
Ts_TraceDetection,47,82.43779608078766
Ts_TraceDetection,48,87.53446682049479
Ts_TraceDetection,49,81.4070020738877
Ts_TraceDetection,50,80.62110102547211
Ts_TraceDetection,51,83.45479906775678
Ts_TraceDetection,52,83.83302801467686
Ts_TraceDetection,53,82.18658220057928
Ts_TraceDetection,54,80.58319662553949
Ts_TraceDetection,55,85.30532904568784
Ts_TraceDetection,56,84.13080298282655
Ts_TraceDetection,57,81.47726054744864
Ts_TraceDetection,58,81.07484028055677
Ts_TraceDetection,59,84.24262372883106
Ts_TraceDetection,60,86.9699336660198
Ts_TraceDetection,61,83.42044236484432
Ts_TraceDetection,62,82.59296768560695
Ts_TraceDetection,63,78.19819657944005
Ts_TraceDetection,64,85.99130825915857
Ts_TraceDetection,65,82.17990585880837
Ts_TraceDetection,66,79.8960781254271
Ts_TraceDetection,67,83.13419880147299
Ts_TraceDetection,68,80.82681906148619
Ts_TraceDetection,69,82.56466749340157
Ts_TraceDetection,70,79.91918907669648
Ts_TraceDetection,71,79.82009966981907
Ts_TraceDetection,72,79.10134795703063
Ts_TraceDetection,73,82.1437871443263
Ts_TraceDetection,74,82.29740357075956
Ts_TraceDetection,75,79.54691026784066
Ts_TraceDetection,76,81.9101248111869
Ts_TraceDetection,77,82.70575836691316
Ts_TraceDetection,78,79.57670134932528
Ts_TraceDetection,79,83.97075892565944
Ts_TraceDetection,80,82.69980207823941
Ts_TraceDetection,81,84.72352552383241
Ts_TraceDetection,82,83.96836579112612
Ts_TraceDetection,83,86.45119480177485
Ts_TraceDetection,84,79.59349093982881
Ts_TraceDetection,85,83.62583516840823
Ts_TraceDetection,86,84.025342921397
Ts_TraceDetection,87,80.7781142323416
Ts_TraceDetection,88,80.97585909049613
Ts_TraceDetection,89,80.46027704867258
Ts_TraceDetection,90,82.54867820661273
Ts_TraceDetection,91,78.74132830131178
Ts_TraceDetection,92,78.73207361600362
Ts_TraceDetection,93,82.20377405308429
Ts_TraceDetection,94,86.30686465873279
Ts_TraceDetection,95,80.00186205569621
Ts_TraceDetection,96,84.19182237625053
X_TraceDetection,1,0.38684010884196823
X_TraceDetection,2,0.37912253632961285
X_TraceDetection,3,0.3995344847441355
X_TraceDetection,4,0.3943730095411517
X_TraceDetection,5,0.39638247491545664
X_TraceDetection,6,0.4223640308596443
X_TraceDetection,7,0.4053842159989262
X_TraceDetection,8,0.37037985174346494
X_TraceDetection,9,0.39189024692771474
X_TraceDetection,10,0.3828239262392145
X_TraceDetection,11,0.38695452710180606
X_TraceDetection,12,0.3863841549913667
X_TraceDetection,13,0.4019254939176047
X_TraceDetection,14,0.39770683126122747
X_TraceDetection,15,0.3981148052755819
X_TraceDetection,16,0.40443576453710484
X_TraceDetection,17,0.39207513092213786
X_TraceDetection,18,0.39439426474198086
X_TraceDetection,19,0.39164543232456095
X_TraceDetection,20,0.41981062488654547
X_TraceDetection,21,0.38859097569786055
X_TraceDetection,22,0.38254276936250964
X_TraceDetection,23,0.40072857503534054
X_TraceDetection,24,0.37445279058881636
X_TraceDetection,25,0.38905462507245125
X_TraceDetection,26,0.38555143049456647
X_TraceDetection,27,0.37447286045045236
X_TraceDetection,28,0.3778068450284283
X_TraceDetection,29,0.37704876876482
X_TraceDetection,30,0.3958692201724871
X_TraceDetection,31,0.3946120911455545
X_TraceDetection,32,0.40530906172030645
X_TraceDetection,33,0.3535655499799552
X_TraceDetection,34,0.3895164570211568
X_TraceDetection,35,0.394355601135999
X_TraceDetection,36,0.3779395156762277
X_TraceDetection,37,0.39474853738324084
X_TraceDetection,38,0.3868383598232478
X_TraceDetection,39,0.39886549636209384
X_TraceDetection,40,0.40361233957621984
X_TraceDetection,41,0.40629379395065374
X_TraceDetection,42,0.41323701515575073
X_TraceDetection,43,0.392745193826491
X_TraceDetection,44,0.384056191970722
X_TraceDetection,45,0.40553977083602927
X_TraceDetection,46,0.3849395937703001
X_TraceDetection,47,0.4047400820127736
X_TraceDetection,48,0.4262708110079758
X_TraceDetection,49,0.38921347982370325
X_TraceDetection,50,0.4075684234325407
X_TraceDetection,51,0.40542765393129265
X_TraceDetection,52,0.40714306331347333
X_TraceDetection,53,0.3716487619413793
X_TraceDetection,54,0.38236382813901404
X_TraceDetection,55,0.40380070863577827
X_TraceDetection,56,0.38308419791356235
X_TraceDetection,57,0.3956828238882127
X_TraceDetection,58,0.39847458403267944
X_TraceDetection,59,0.38680017519760024
X_TraceDetection,60,0.41123754614825575
X_TraceDetection,61,0.4072454580332666
X_TraceDetection,62,0.3595885315089183
X_TraceDetection,63,0.39182134960362813
X_TraceDetection,64,0.4049499425041184
X_TraceDetection,65,0.3950881590701655
X_TraceDetection,66,0.37157044910549775
X_TraceDetection,67,0.3830748086499
X_TraceDetection,68,0.39875942859964203
X_TraceDetection,69,0.39714039646383226
X_TraceDetection,70,0.3863101422953965
X_TraceDetection,71,0.3886232766599976
X_TraceDetection,72,0.3970463053224569
X_TraceDetection,73,0.40840092887466084
X_TraceDetection,74,0.38521801214582546
X_TraceDetection,75,0.3807780384717771
X_TraceDetection,76,0.38257089727923976
X_TraceDetection,77,0.396261641192166
X_TraceDetection,78,0.39333715526079094
X_TraceDetection,79,0.40822553572860626
X_TraceDetection,80,0.36843262143262
X_TraceDetection,81,0.40148017855920687
X_TraceDetection,82,0.4120181697315658
X_TraceDetection,83,0.4017250138888967
X_TraceDetection,84,0.37829986478828853
X_TraceDetection,85,0.3776292976224051
X_TraceDetection,86,0.40224762059828195
X_TraceDetection,87,0.4040935257853693
X_TraceDetection,88,0.39899838912562474
X_TraceDetection,89,0.4010106525914434
X_TraceDetection,90,0.38925575307412374
X_TraceDetection,91,0.3821144233872843
X_TraceDetection,92,0.37860420807228645
X_TraceDetection,93,0.4096296878441382
X_TraceDetection,94,0.3871391477141602
X_TraceDetection,95,0.3726919884193602
X_TraceDetection,96,0.39708730078418586
S_TraceDetection,1,61.65455587225242
S_TraceDetection,2,61.73386266661842
S_TraceDetection,3,61.66484501469256
S_TraceDetection,4,61.995881003422845
S_TraceDetection,5,61.481894632826204
S_TraceDetection,6,61.47176603218724
S_TraceDetection,7,61.730448890687185
S_TraceDetection,8,61.36392409143413
S_TraceDetection,9,61.223968883240985
S_TraceDetection,10,61.69741234478015
S_TraceDetection,11,61.24307618817332
S_TraceDetection,12,61.54717706386906
S_TraceDetection,13,61.11200996472207
S_TraceDetection,14,62.069049470240024
S_TraceDetection,15,62.930926596055116
S_TraceDetection,16,62.24252711132479
S_TraceDetection,17,60.52059903259613
S_TraceDetection,18,61.830528599255786
S_TraceDetection,19,61.314568284400565
S_TraceDetection,20,60.894875565147096
S_TraceDetection,21,61.25060853977662
S_TraceDetection,22,61.46340938473672
S_TraceDetection,23,61.239802304614784
S_TraceDetection,24,61.37720514955861
S_TraceDetection,25,61.57228869142192
S_TraceDetection,26,61.841989261851886
S_TraceDetection,27,61.27846896090389
S_TraceDetection,28,61.099866416657136
S_TraceDetection,29,61.59195531114712
S_TraceDetection,30,60.592131605471
S_TraceDetection,31,61.40209524474555
S_TraceDetection,32,61.33738771346484
S_TraceDetection,33,61.27020501368162
S_TraceDetection,34,61.583717200923196
S_TraceDetection,35,60.638398131573815
S_TraceDetection,36,61.559957995813306
S_TraceDetection,37,61.64916760009386
S_TraceDetection,38,61.85221248600994
S_TraceDetection,39,60.871294517116624
S_TraceDetection,40,61.19281301486513
S_TraceDetection,41,61.78747275847838
S_TraceDetection,42,61.765782414757886
S_TraceDetection,43,61.056841636773335
S_TraceDetection,44,61.46596078301038
S_TraceDetection,45,61.849277016998236
S_TraceDetection,46,61.511498571510636
S_TraceDetection,47,61.912392193630886
S_TraceDetection,48,62.00147767770191
S_TraceDetection,49,61.62957824540618
S_TraceDetection,50,60.7279429083578
S_TraceDetection,51,61.9654036373107
S_TraceDetection,52,63.05409268845321
S_TraceDetection,53,60.68928560578713
S_TraceDetection,54,62.14779958185154
S_TraceDetection,55,61.94684673931657
S_TraceDetection,56,60.22864287892288
S_TraceDetection,57,61.44176668264144
S_TraceDetection,58,60.871065978074654
S_TraceDetection,59,61.629285048570964
S_TraceDetection,60,62.16087869720844
S_TraceDetection,61,61.31526790410453
S_TraceDetection,62,60.95256088223067
S_TraceDetection,63,61.56382986767114
S_TraceDetection,64,62.145427402609066
S_TraceDetection,65,62.272401044605715
S_TraceDetection,66,61.05278720655651
S_TraceDetection,67,62.012062855047624
S_TraceDetection,68,62.424894077984476
S_TraceDetection,69,61.229995241117905
S_TraceDetection,70,60.69784735558658
S_TraceDetection,71,61.110395184135136
S_TraceDetection,72,61.199577118934094
S_TraceDetection,73,61.55397707684725
S_TraceDetection,74,61.550592697777404
S_TraceDetection,75,61.22736419116802
S_TraceDetection,76,61.41183717130959
S_TraceDetection,77,61.74452112166176
S_TraceDetection,78,60.976560631340924
S_TraceDetection,79,61.63794523539642
S_TraceDetection,80,61.332923368024815
S_TraceDetection,81,61.43561019826232
S_TraceDetection,82,61.39280839235246
S_TraceDetection,83,61.68187121239456
S_TraceDetection,84,60.97259136626531
S_TraceDetection,85,61.270221433167656
S_TraceDetection,86,62.253157091851314
S_TraceDetection,87,62.17116368559569
S_TraceDetection,88,61.669870841880844
S_TraceDetection,89,61.572779583791274
S_TraceDetection,90,62.17735926736043
S_TraceDetection,91,60.46599356046429
S_TraceDetection,92,60.16023594907968
S_TraceDetection,93,62.43869659172164
S_TraceDetection,94,61.4165426873257
S_TraceDetection,95,60.7942699731914
S_TraceDetection,96,61.62718429385029
Ns_Varchi,1,0.9597414841048654
Ns_Varchi,2,0.9236224955577274
Ns_Varchi,3,0.9594752310385605
Ns_Varchi,4,0.9534457174620908
Ns_Varchi,5,0.9599816885527517
Ns_Varchi,6,0.9204708306072406
Ns_Varchi,7,0.9415097225292447
Ns_Varchi,8,0.9009406113943597
Ns_Varchi,9,0.9518370125790842
Ns_Varchi,10,0.9706507129178986
Ns_Varchi,11,0.8994720261832603
Ns_Varchi,12,0.948371793037913
Ns_Varchi,13,0.9594839267591199
Ns_Varchi,14,0.998777514373193
Ns_Varchi,15,0.9415824756054627
Ns_Varchi,16,0.9699491459519286
Ns_Varchi,17,0.9366679650578073
Ns_Varchi,18,0.9122738024368372
Ns_Varchi,19,0.9654567183117782
Ns_Varchi,20,0.9661337847511093
Ns_Varchi,21,0.9772816251913935
Ns_Varchi,22,0.9381702368824543
Ns_Varchi,23,0.9405045729398198
Ns_Varchi,24,0.91227402216527
Ns_Varchi,25,0.9626562735743596
Ns_Varchi,26,1.004700821677032
Ns_Varchi,27,0.9315457160801877
Ns_Varchi,28,0.9313649483413626
Ns_Varchi,29,0.90521185571848
Ns_Varchi,30,0.9892043507126616
Ns_Varchi,31,0.992565181903589
Ns_Varchi,32,0.9703564647927635
Ns_Varchi,33,0.9684499886204847
Ns_Varchi,34,0.9206957266320399
Ns_Varchi,35,0.9578769724609449
Ns_Varchi,36,0.9068830222627036
Ns_Varchi,37,0.9658342644171907
Ns_Varchi,38,0.9822566298133917
Ns_Varchi,39,0.9240498907194276
Ns_Varchi,40,0.9808746820700797
Ns_Varchi,41,0.9871085548079838
Ns_Varchi,42,0.9778896254422701
Ns_Varchi,43,0.979882083721524
Ns_Varchi,44,0.9418260064286668
Ns_Varchi,45,0.8838894057454535
Ns_Varchi,46,0.997515478498717
Ns_Varchi,47,0.967539892370827
Ns_Varchi,48,0.9990138421473179
Ns_Varchi,49,1.000945374320304
Ns_Varchi,50,0.9749335974751898
Ns_Varchi,51,1.0280629306837301
Ns_Varchi,52,1.042255788234088
Ns_Varchi,53,0.9436516050501929
Ns_Varchi,54,0.9550294152306636
Ns_Varchi,55,0.9046261716371733
Ns_Varchi,56,0.9322814790633394
Ns_Varchi,57,0.9240324685064737
Ns_Varchi,58,0.9808533990941831
Ns_Varchi,59,0.9753554983378715
Ns_Varchi,60,1.0234070993445852
Ns_Varchi,61,0.9623182756553419
Ns_Varchi,62,0.9182281362594039
Ns_Varchi,63,0.9384880972088582
Ns_Varchi,64,0.9477518998847585
Ns_Varchi,65,0.9887310937495362
Ns_Varchi,66,0.9033994083345515
Ns_Varchi,67,0.9301616879466724
Ns_Varchi,68,0.948767187544913
Ns_Varchi,69,1.0409161326877805
Ns_Varchi,70,0.9564094197910299
Ns_Varchi,71,0.987510970577717
Ns_Varchi,72,0.8958925503639723
Ns_Varchi,73,0.9244652474963595
Ns_Varchi,74,0.909240408082047
Ns_Varchi,75,0.9557902868527792
Ns_Varchi,76,0.8792818580017148
Ns_Varchi,77,0.9409597598828924
Ns_Varchi,78,0.9521476061625282
Ns_Varchi,79,1.0109871568934432
Ns_Varchi,80,0.9298003375117739
Ns_Varchi,81,0.9781138881632793
Ns_Varchi,82,0.9306350952048335
Ns_Varchi,83,0.9722698988757867
Ns_Varchi,84,0.9953674687231506
Ns_Varchi,85,0.9257515652339556
Ns_Varchi,86,0.9776772050386069
Ns_Varchi,87,0.9926778532109581
Ns_Varchi,88,0.8887362072337823
Ns_Varchi,89,0.9452034273390019
Ns_Varchi,90,0.9947992038427794
Ns_Varchi,91,0.971305337166461
Ns_Varchi,92,0.9806731458575222
Ns_Varchi,93,1.0007562805805403
Ns_Varchi,94,0.9289849073883729
Ns_Varchi,95,0.9656796895497007
Ns_Varchi,96,0.9783031877477649
Ts_Recupero,1,125.71165293406787
Ts_Recupero,2,124.23805452864679
Ts_Recupero,3,126.28461055167061
Ts_Recupero,4,125.99658233100466
Ts_Recupero,5,126.1541312371622
Ts_Recupero,6,125.22738447827443
Ts_Recupero,7,125.37574266961437
Ts_Recupero,8,124.56297077853291
Ts_Recupero,9,124.51855650039641
Ts_Recupero,10,125.68969187270537
Ts_Recupero,11,123.93860684757598
Ts_Recupero,12,124.48245194029856
Ts_Recupero,13,125.57788905101624
Ts_Recupero,14,123.8095093636434
Ts_Recupero,15,124.18092709752506
Ts_Recupero,16,125.73012240889878
Ts_Recupero,17,124.90022235031016
Ts_Recupero,18,123.29390923492998
Ts_Recupero,19,124.73644138962754
Ts_Recupero,20,127.18001790757445
Ts_Recupero,21,125.42972935384222
Ts_Recupero,22,125.5022694560268
Ts_Recupero,23,126.47593674165142
Ts_Recupero,24,124.35712551574397
Ts_Recupero,25,125.87555582438223
Ts_Recupero,26,124.93084318230324
Ts_Recupero,27,125.81567303293241
Ts_Recupero,28,127.26377027666486
Ts_Recupero,29,125.10891340746366
Ts_Recupero,30,126.29201043303377
Ts_Recupero,31,124.17345923251705
Ts_Recupero,32,124.12692577977379
Ts_Recupero,33,125.7555848310764
Ts_Recupero,34,125.7901790945449
Ts_Recupero,35,125.3775342201925
Ts_Recupero,36,124.41985747944628
Ts_Recupero,37,125.31609492152552
Ts_Recupero,38,125.53519761557497
Ts_Recupero,39,125.70608692782753
Ts_Recupero,40,125.63254644437079
Ts_Recupero,41,126.76046631625482
Ts_Recupero,42,127.08945964715471
Ts_Recupero,43,124.99852235456034
Ts_Recupero,44,124.48900445034799
Ts_Recupero,45,126.46246531042648
Ts_Recupero,46,124.85216015783986
Ts_Recupero,47,125.20593072989388
Ts_Recupero,48,125.55937637548357
Ts_Recupero,49,124.8672887532392
Ts_Recupero,50,124.32565944946288
Ts_Recupero,51,124.5529286764365
Ts_Recupero,52,128.11220278754806
Ts_Recupero,53,124.76023553534824
Ts_Recupero,54,124.22827366991238
Ts_Recupero,55,124.50215217705355
Ts_Recupero,56,125.01852455257925
Ts_Recupero,57,125.86842912926987
Ts_Recupero,58,125.12801659370199
Ts_Recupero,59,127.53858697569177
Ts_Recupero,60,123.98974850403546
Ts_Recupero,61,125.63558583986057
Ts_Recupero,62,125.654842372158
Ts_Recupero,63,123.93615821776373
Ts_Recupero,64,126.73188800750887
Ts_Recupero,65,126.25582142792689
Ts_Recupero,66,127.5238355411941
Ts_Recupero,67,125.49065425894632
Ts_Recupero,68,126.23799335314693
Ts_Recupero,69,124.7560874116068
Ts_Recupero,70,126.44130266270648
Ts_Recupero,71,126.63638798007634
Ts_Recupero,72,124.59403858105868
Ts_Recupero,73,127.32330878913872
Ts_Recupero,74,124.74733968660951
Ts_Recupero,75,125.3945244394385
Ts_Recupero,76,125.79979250886417
Ts_Recupero,77,125.9672157066484
Ts_Recupero,78,126.99687497564527
Ts_Recupero,79,125.06223387324545
Ts_Recupero,80,124.01209981748424
Ts_Recupero,81,122.20537868586295
Ts_Recupero,82,124.26681410387737
Ts_Recupero,83,124.55060964175198
Ts_Recupero,84,125.04859948518138
Ts_Recupero,85,126.67718768511097
Ts_Recupero,86,123.77820127569247
Ts_Recupero,87,124.67906677435062
Ts_Recupero,88,123.78978882848858
Ts_Recupero,89,124.9234066474674
Ts_Recupero,90,126.05687830131997
Ts_Recupero,91,125.64381635445191
Ts_Recupero,92,125.81670265719445
Ts_Recupero,93,126.44088314949919
Ts_Recupero,94,125.13470640059806
Ts_Recupero,95,124.61651497481571
Ts_Recupero,96,126.30759455883548
S_CheckIn,1,104.60892405566997
S_CheckIn,2,105.04739314117592
S_CheckIn,3,103.65721914492904
S_CheckIn,4,105.14140429915952
S_CheckIn,5,106.33611762745514
S_CheckIn,6,104.50057505217389
S_CheckIn,7,105.99272779912744
S_CheckIn,8,104.4866196560344
S_CheckIn,9,105.43344928904294
S_CheckIn,10,105.62684879790996
S_CheckIn,11,104.86164308864342
S_CheckIn,12,105.28359007940733
S_CheckIn,13,104.98244670663283
S_CheckIn,14,104.08038115394119
S_CheckIn,15,103.853793361066
S_CheckIn,16,105.39404832168645
S_CheckIn,17,105.07479519391157
S_CheckIn,18,104.07616631647203
S_CheckIn,19,104.54883850169685
S_CheckIn,20,104.3831316999593
S_CheckIn,21,106.83409124558416
S_CheckIn,22,103.40800039472288
S_CheckIn,23,103.73043382005653
S_CheckIn,24,105.20195591411601
S_CheckIn,25,104.50155143550688
S_CheckIn,26,103.43381012807927
S_CheckIn,27,103.71688484594084
S_CheckIn,28,103.69324962167906
S_CheckIn,29,105.56543307793089
S_CheckIn,30,105.27240404853882
S_CheckIn,31,104.84021165717708
S_CheckIn,32,104.04804783009588
S_CheckIn,33,104.77142564872392
S_CheckIn,34,104.62577790437628
S_CheckIn,35,104.05909477189135
S_CheckIn,36,104.47195822491129
S_CheckIn,37,103.81709822345077
S_CheckIn,38,103.95424759613148
S_CheckIn,39,104.55126506986066
S_CheckIn,40,105.24529956722226
S_CheckIn,41,105.28374325966018
S_CheckIn,42,104.65503578433633
S_CheckIn,43,105.36590257085174
S_CheckIn,44,104.5228575452662
S_CheckIn,45,105.42530357162705
S_CheckIn,46,105.22101057237165
S_CheckIn,47,104.29473320128788
S_CheckIn,48,106.46653349572206
S_CheckIn,49,105.59355761627408
S_CheckIn,50,104.82397280070646
S_CheckIn,51,104.85055999199265
S_CheckIn,52,105.4494881297591
S_CheckIn,53,105.31576619284935
S_CheckIn,54,104.65747117448633
S_CheckIn,55,104.14105109739143
S_CheckIn,56,105.13284295007061
S_CheckIn,57,105.13979898436013
S_CheckIn,58,104.1742624435466
S_CheckIn,59,105.05750689098517
S_CheckIn,60,104.72122516241011
S_CheckIn,61,104.2087852658027
S_CheckIn,62,105.12008096105117
S_CheckIn,63,104.88354405687552
S_CheckIn,64,104.34448738948753
S_CheckIn,65,106.13765029176095
S_CheckIn,66,104.87788919147225
S_CheckIn,67,105.01938145397516
S_CheckIn,68,104.08489569258074
S_CheckIn,69,104.62527815615414
S_CheckIn,70,105.28684302308054
S_CheckIn,71,104.63551135133409
S_CheckIn,72,103.60465324288838
S_CheckIn,73,104.79086589632229
S_CheckIn,74,105.10454238144318
S_CheckIn,75,105.57031461347576
S_CheckIn,76,104.60223837798435
S_CheckIn,77,105.18406298520017
S_CheckIn,78,104.83672430609327
S_CheckIn,79,104.07094815034048
S_CheckIn,80,104.4779595994188
S_CheckIn,81,105.98038915906844
S_CheckIn,82,105.02321593711774
S_CheckIn,83,104.15394496626729
S_CheckIn,84,103.57044495070413
S_CheckIn,85,104.8753154309626
S_CheckIn,86,106.31878107533083
S_CheckIn,87,104.91470401005095
S_CheckIn,88,104.16500832228188
S_CheckIn,89,104.97708448005443
S_CheckIn,90,104.72720399043023
S_CheckIn,91,104.90422721199079
S_CheckIn,92,104.94110006821833
S_CheckIn,93,104.11484707524025
S_CheckIn,94,103.31218937792238
S_CheckIn,95,104.40033754674822
S_CheckIn,96,104.34488021851068
Ns_CheckIn,1,2.5489869626527506
Ns_CheckIn,2,2.543260199010266
Ns_CheckIn,3,2.4645508050410836
Ns_CheckIn,4,2.7044893063324493
Ns_CheckIn,5,2.5626137885506726
Ns_CheckIn,6,2.6398611279169506
Ns_CheckIn,7,2.58601077740409
Ns_CheckIn,8,2.5611198214988278
Ns_CheckIn,9,2.530681458768487
Ns_CheckIn,10,2.733132539914562
Ns_CheckIn,11,2.492654787901452
Ns_CheckIn,12,2.6494257368112266
Ns_CheckIn,13,2.5825096357789827
Ns_CheckIn,14,2.601819715468285
Ns_CheckIn,15,2.529943182084413
Ns_CheckIn,16,2.5641571687539892
Ns_CheckIn,17,2.665661236762559
Ns_CheckIn,18,2.5955718294935934
Ns_CheckIn,19,2.5561196421897274
Ns_CheckIn,20,2.7923019140249066
Ns_CheckIn,21,2.696204484148738
Ns_CheckIn,22,2.6186499161351033
Ns_CheckIn,23,2.6029164543772265
Ns_CheckIn,24,2.6330928131468365
Ns_CheckIn,25,2.545977376902355
Ns_CheckIn,26,2.5380887359560167
Ns_CheckIn,27,2.6909954028702754
Ns_CheckIn,28,2.484346644895438
Ns_CheckIn,29,2.5233763985123847
Ns_CheckIn,30,2.475382268907779
Ns_CheckIn,31,2.629991067338229
Ns_CheckIn,32,2.5424545473497746
Ns_CheckIn,33,2.5743729962292234
Ns_CheckIn,34,2.55271519622469
Ns_CheckIn,35,2.549156979205996
Ns_CheckIn,36,2.56030193157496
Ns_CheckIn,37,2.485205884212836
Ns_CheckIn,38,2.654134953588661
Ns_CheckIn,39,2.5698484841473586
Ns_CheckIn,40,2.679263288012151
Ns_CheckIn,41,2.5673007329489805
Ns_CheckIn,42,2.615276544036603
Ns_CheckIn,43,2.6151091934997712
Ns_CheckIn,44,2.6126019889441476
Ns_CheckIn,45,2.7250410460566314
Ns_CheckIn,46,2.515176765786714
Ns_CheckIn,47,2.5372744951231763
Ns_CheckIn,48,2.543519691650079
Ns_CheckIn,49,2.5227584883157284
Ns_CheckIn,50,2.5611651352292064
Ns_CheckIn,51,2.566115917632169
Ns_CheckIn,52,2.5620522394792067
Ns_CheckIn,53,2.438333687550291
Ns_CheckIn,54,2.5458844960569587
Ns_CheckIn,55,2.541193492178457
Ns_CheckIn,56,2.695719569263338
Ns_CheckIn,57,2.748019056690905
Ns_CheckIn,58,2.5659478081993963
Ns_CheckIn,59,2.6227088502810187
Ns_CheckIn,60,2.5215718508740923
Ns_CheckIn,61,2.6865881644946987
Ns_CheckIn,62,2.658560154065415
Ns_CheckIn,63,2.5303035996993346
Ns_CheckIn,64,2.661588754154441
Ns_CheckIn,65,2.6006717954766922
Ns_CheckIn,66,2.486672738299839
Ns_CheckIn,67,2.580389842943396
Ns_CheckIn,68,2.476743423960297
Ns_CheckIn,69,2.5840395559890155
Ns_CheckIn,70,2.637368507944552
Ns_CheckIn,71,2.5935590079164714
Ns_CheckIn,72,2.4046281301949795
Ns_CheckIn,73,2.5911897332401113
Ns_CheckIn,74,2.6146753131228397
Ns_CheckIn,75,2.5839721607252164
Ns_CheckIn,76,2.831093416858162
Ns_CheckIn,77,2.5915048123928743
Ns_CheckIn,78,2.5109324184917203
Ns_CheckIn,79,2.566623101512207
Ns_CheckIn,80,2.592910301594955
Ns_CheckIn,81,2.7328103520281357
Ns_CheckIn,82,2.4619201074332007
Ns_CheckIn,83,2.569783520828667
Ns_CheckIn,84,2.598169609969643
Ns_CheckIn,85,2.528931913078491
Ns_CheckIn,86,2.5452549677262817
Ns_CheckIn,87,2.5844797166260443
Ns_CheckIn,88,2.5793540851478904
Ns_CheckIn,89,2.7473852080231684
Ns_CheckIn,90,2.5714168929182897
Ns_CheckIn,91,2.62604945036415
Ns_CheckIn,92,2.55880072797038
Ns_CheckIn,93,2.5070594867857317
Ns_CheckIn,94,2.60200010496161
Ns_CheckIn,95,2.6476582410686462
Ns_CheckIn,96,2.6205465357191193
X_XRay,1,3.122102854754418
X_XRay,2,3.1317320048057153
X_XRay,3,3.159735054480942
X_XRay,4,3.162563297954493
X_XRay,5,3.1980834755908463
X_XRay,6,3.138073509020184
X_XRay,7,3.077725864568139
X_XRay,8,2.986415411324171
X_XRay,9,3.1305927936106683
X_XRay,10,3.3127868918867653
X_XRay,11,3.036620282515976
X_XRay,12,3.1501528036048443
X_XRay,13,3.076110365906015
X_XRay,14,3.308063894717299
X_XRay,15,3.1693232334936496
X_XRay,16,3.2327197998385744
X_XRay,17,3.192087834316318
X_XRay,18,3.152478075276652
X_XRay,19,3.0904153322019665
X_XRay,20,3.182459667649086
X_XRay,21,3.175070192616193
X_XRay,22,3.107740372703679
X_XRay,23,3.2024261361882154
X_XRay,24,3.0133006182095663
X_XRay,25,3.198699552035278
X_XRay,26,3.2437650592659186
X_XRay,27,3.1201809518397767
X_XRay,28,3.124282707698727
X_XRay,29,3.021669939616702
X_XRay,30,3.2499992018481185
X_XRay,31,3.3232907240254486
X_XRay,32,3.313615942801957
X_XRay,33,3.155111175804452
X_XRay,34,3.123310708948612
X_XRay,35,3.2283688584474817
X_XRay,36,3.066093846015469
X_XRay,37,3.284894314616438
X_XRay,38,3.282836054666116
X_XRay,39,3.0546025806118555
X_XRay,40,3.139467767191107
X_XRay,41,3.229574220377164
X_XRay,42,3.251598901330635
X_XRay,43,3.3480020257085847
X_XRay,44,3.1874585915159526
X_XRay,45,2.997084350437535
X_XRay,46,3.298228642047419
X_XRay,47,3.203852721529901
X_XRay,48,3.267643555566029
X_XRay,49,3.3417729204121334
X_XRay,50,3.2252269578964996
X_XRay,51,3.33750918877386
X_XRay,52,3.4387650863483716
X_XRay,53,3.1110717528518204
X_XRay,54,3.220052114461133
X_XRay,55,3.1485723330174222
X_XRay,56,3.172738740960699
X_XRay,57,3.052063720066129
X_XRay,58,3.2504741128784373
X_XRay,59,3.201275665207596
X_XRay,60,3.4277489280730897
X_XRay,61,3.172500976293123
X_XRay,62,3.038425477280996
X_XRay,63,3.1010134887409166
X_XRay,64,3.1993555340812576
X_XRay,65,3.2779630963008084
X_XRay,66,3.01481670909252
X_XRay,67,3.1072297314105364
X_XRay,68,3.148969337495777
X_XRay,69,3.4227239808954706
X_XRay,70,3.2057116339612852
X_XRay,71,3.1786771400072604
X_XRay,72,2.9952701412706535
X_XRay,73,3.0697017739571137
X_XRay,74,3.088532629626105
X_XRay,75,3.2095142152368856
X_XRay,76,2.9576309498843134
X_XRay,77,3.0771356069727007
X_XRay,78,3.134541184887409
X_XRay,79,3.3616251772138126
X_XRay,80,3.0253974527338334
X_XRay,81,3.2241993749278284
X_XRay,82,3.094447126139618
X_XRay,83,3.214648897400806
X_XRay,84,3.162442210427789
X_XRay,85,3.1327858219089917
X_XRay,86,3.2100858589857952
X_XRay,87,3.2767516966104138
X_XRay,88,2.9076996219963003
X_XRay,89,3.195684100590224
X_XRay,90,3.268929650780949
X_XRay,91,3.2442170596835687
X_XRay,92,3.2806466503083214
X_XRay,93,3.30108720939512
X_XRay,94,3.1366109774466304
X_XRay,95,3.1609879344708296
X_XRay,96,3.1642060139288435
Nq_TraceDetection,1,0.14261367836416194
Nq_TraceDetection,2,0.11726794960273339
Nq_TraceDetection,3,0.13035146346961216
Nq_TraceDetection,4,0.12809830638504813
Nq_TraceDetection,5,0.14074321459059164
Nq_TraceDetection,6,0.1594666073975192
Nq_TraceDetection,7,0.13729660430319537
Nq_TraceDetection,8,0.10430097339034712
Nq_TraceDetection,9,0.13875960302795776
Nq_TraceDetection,10,0.12798035407393407
Nq_TraceDetection,11,0.1380003122878278
Nq_TraceDetection,12,0.09962455698759523
Nq_TraceDetection,13,0.14947794925146984
Nq_TraceDetection,14,0.1292424358131832
Nq_TraceDetection,15,0.13425518822425966
Nq_TraceDetection,16,0.12719463244918025
Nq_TraceDetection,17,0.1410102716797817
Nq_TraceDetection,18,0.12460380532572242
Nq_TraceDetection,19,0.14374022826622537
Nq_TraceDetection,20,0.163037119666499
Nq_TraceDetection,21,0.1464772881503136
Nq_TraceDetection,22,0.13106714465107727
Nq_TraceDetection,23,0.12831938399359855
Nq_TraceDetection,24,0.11120314692570425
Nq_TraceDetection,25,0.15402241389258087
Nq_TraceDetection,26,0.13956240847889362
Nq_TraceDetection,27,0.11511064427183193
Nq_TraceDetection,28,0.12237112407535168
Nq_TraceDetection,29,0.12042411339068948
Nq_TraceDetection,30,0.14121004662929507
Nq_TraceDetection,31,0.13010480759787404
Nq_TraceDetection,32,0.12550641791840675
Nq_TraceDetection,33,0.09957859209745222
Nq_TraceDetection,34,0.13044485489670354
Nq_TraceDetection,35,0.14369947840952063
Nq_TraceDetection,36,0.11460839797505974
Nq_TraceDetection,37,0.14112406831389906
Nq_TraceDetection,38,0.1337645027256103
Nq_TraceDetection,39,0.13955520088300394
Nq_TraceDetection,40,0.14316659040451574
Nq_TraceDetection,41,0.1306753386177444
Nq_TraceDetection,42,0.13495487281849847
Nq_TraceDetection,43,0.12417350605885392
Nq_TraceDetection,44,0.1294431672569669
Nq_TraceDetection,45,0.1426634141259975
Nq_TraceDetection,46,0.1173289914033378
Nq_TraceDetection,47,0.1333954384460861
Nq_TraceDetection,48,0.175633451653568
Nq_TraceDetection,49,0.12535117900324586
Nq_TraceDetection,50,0.1333106166800872
Nq_TraceDetection,51,0.14020188894078373
Nq_TraceDetection,52,0.13466115686910365
Nq_TraceDetection,53,0.13120573713088407
Nq_TraceDetection,54,0.11343530303380896
Nq_TraceDetection,55,0.15275866912155006
Nq_TraceDetection,56,0.1519940840967476
Nq_TraceDetection,57,0.12918555806592888
Nq_TraceDetection,58,0.13203224551001
Nq_TraceDetection,59,0.1418562685930145
Nq_TraceDetection,60,0.1638678038030408
Nq_TraceDetection,61,0.14672158975092764
Nq_TraceDetection,62,0.1276745693965536
Nq_TraceDetection,63,0.10597708245039228
Nq_TraceDetection,64,0.15526356806784286
Nq_TraceDetection,65,0.12632643099149196
Nq_TraceDetection,66,0.11467517179218875
Nq_TraceDetection,67,0.13045258386965272
Nq_TraceDetection,68,0.11814595907801764
Nq_TraceDetection,69,0.13809216215069245
Nq_TraceDetection,70,0.12206166961543578
Nq_TraceDetection,71,0.11895812347363945
Nq_TraceDetection,72,0.11671843893988605
Nq_TraceDetection,73,0.13595826772606262
Nq_TraceDetection,74,0.1299365049520857
Nq_TraceDetection,75,0.11420502010632531
Nq_TraceDetection,76,0.12750286452989795
Nq_TraceDetection,77,0.1343932680244355
Nq_TraceDetection,78,0.1206560989736467
Nq_TraceDetection,79,0.14724311488471734
Nq_TraceDetection,80,0.1285912865671095
Nq_TraceDetection,81,0.1523954329704985
Nq_TraceDetection,82,0.1515651144035736
Nq_TraceDetection,83,0.16083230061808146
Nq_TraceDetection,84,0.11560596742999647
Nq_TraceDetection,85,0.1376963232915492
Nq_TraceDetection,86,0.14141441075487082
Nq_TraceDetection,87,0.12018724030993012
Nq_TraceDetection,88,0.12522983571387136
Nq_TraceDetection,89,0.12263162306422877
Nq_TraceDetection,90,0.13012321806821076
Nq_TraceDetection,91,0.1141094673112164
Nq_TraceDetection,92,0.11587494600710548
Nq_TraceDetection,93,0.1297128664117552
Nq_TraceDetection,94,0.15667296692640456
Nq_TraceDetection,95,0.1183260107808908
Nq_TraceDetection,96,0.1453043127221541
Tq_Recupero,1,0.0
Tq_Recupero,2,0.0
Tq_Recupero,3,0.0
Tq_Recupero,4,0.0
Tq_Recupero,5,0.0
Tq_Recupero,6,0.0
Tq_Recupero,7,0.0
Tq_Recupero,8,0.0
Tq_Recupero,9,0.0
Tq_Recupero,10,0.0
Tq_Recupero,11,0.0
Tq_Recupero,12,0.0
Tq_Recupero,13,0.0
Tq_Recupero,14,0.0
Tq_Recupero,15,0.0
Tq_Recupero,16,0.0
Tq_Recupero,17,0.0
Tq_Recupero,18,0.0
Tq_Recupero,19,0.0
Tq_Recupero,20,0.0
Tq_Recupero,21,0.0
Tq_Recupero,22,0.0
Tq_Recupero,23,0.0
Tq_Recupero,24,0.0
Tq_Recupero,25,0.0
Tq_Recupero,26,0.0
Tq_Recupero,27,0.0
Tq_Recupero,28,0.0
Tq_Recupero,29,0.0
Tq_Recupero,30,0.0
Tq_Recupero,31,0.0
Tq_Recupero,32,0.0
Tq_Recupero,33,0.0
Tq_Recupero,34,0.0
Tq_Recupero,35,0.0
Tq_Recupero,36,0.0
Tq_Recupero,37,0.0
Tq_Recupero,38,0.0
Tq_Recupero,39,0.0
Tq_Recupero,40,0.0
Tq_Recupero,41,0.0
Tq_Recupero,42,0.0
Tq_Recupero,43,0.0
Tq_Recupero,44,0.0
Tq_Recupero,45,0.0
Tq_Recupero,46,0.0
Tq_Recupero,47,0.0
Tq_Recupero,48,0.0
Tq_Recupero,49,0.0
Tq_Recupero,50,0.0
Tq_Recupero,51,0.0
Tq_Recupero,52,0.0
Tq_Recupero,53,0.0
Tq_Recupero,54,0.0
Tq_Recupero,55,0.0
Tq_Recupero,56,0.0
Tq_Recupero,57,0.0
Tq_Recupero,58,0.0
Tq_Recupero,59,0.0
Tq_Recupero,60,0.0
Tq_Recupero,61,0.0
Tq_Recupero,62,0.0
Tq_Recupero,63,0.0
Tq_Recupero,64,0.0
Tq_Recupero,65,0.0
Tq_Recupero,66,0.0
Tq_Recupero,67,0.0
Tq_Recupero,68,0.0
Tq_Recupero,69,0.0
Tq_Recupero,70,0.0
Tq_Recupero,71,0.0
Tq_Recupero,72,0.0
Tq_Recupero,73,0.0
Tq_Recupero,74,0.0
Tq_Recupero,75,0.0
Tq_Recupero,76,0.0
Tq_Recupero,77,0.0
Tq_Recupero,78,0.0
Tq_Recupero,79,0.0
Tq_Recupero,80,0.0
Tq_Recupero,81,0.0
Tq_Recupero,82,0.0
Tq_Recupero,83,0.0
Tq_Recupero,84,0.0
Tq_Recupero,85,0.0
Tq_Recupero,86,0.0
Tq_Recupero,87,0.0
Tq_Recupero,88,0.0
Tq_Recupero,89,0.0
Tq_Recupero,90,0.0
Tq_Recupero,91,0.0
Tq_Recupero,92,0.0
Tq_Recupero,93,0.0
Tq_Recupero,94,0.0
Tq_Recupero,95,0.0
Tq_Recupero,96,0.0
Tq_TraceDetection,1,22.69147547653951
Tq_TraceDetection,2,19.130225416891523
Tq_TraceDetection,3,20.126461177158625
Tq_TraceDetection,4,20.126017941686076
Tq_TraceDetection,5,21.804459563275923
Tq_TraceDetection,6,23.243555158041136
Tq_TraceDetection,7,20.908998838111465
Tq_TraceDetection,8,17.275728827414827
Tq_TraceDetection,9,21.630966585854726
Tq_TraceDetection,10,20.669352237508562
Tq_TraceDetection,11,21.81731958608035
Tq_TraceDetection,12,15.885044422656884
Tq_TraceDetection,13,22.74872364440148
Tq_TraceDetection,14,20.16691187487622
Tq_TraceDetection,15,21.163460934135408
Tq_TraceDetection,16,19.64692423556569
Tq_TraceDetection,17,21.75619569096533
Tq_TraceDetection,18,19.504630587794992
Tq_TraceDetection,19,22.288008792769958
Tq_TraceDetection,20,23.893468548952928
Tq_TraceDetection,21,23.095362267899326
Tq_TraceDetection,22,21.02525855641105
Tq_TraceDetection,23,19.6329278456806
Tq_TraceDetection,24,18.23396788871873
Tq_TraceDetection,25,24.382935331561775
Tq_TraceDetection,26,22.369398095760562
Tq_TraceDetection,27,18.804159298677998
Tq_TraceDetection,28,19.823364781407225
Tq_TraceDetection,29,19.6770888449857
Tq_TraceDetection,30,21.61695031742048
Tq_TraceDetection,31,20.222969908196546
Tq_TraceDetection,32,18.913767600094
Tq_TraceDetection,33,17.349219114542077
Tq_TraceDetection,34,20.496743040982874
Tq_TraceDetection,35,22.220234072470554
Tq_TraceDetection,36,18.6327878183668
Tq_TraceDetection,37,22.070601642710432
Tq_TraceDetection,38,21.266566516011437
Tq_TraceDetection,39,21.440759001190223
Tq_TraceDetection,40,21.689980877410726
Tq_TraceDetection,41,19.87018862095644
Tq_TraceDetection,42,20.129233540172894
Tq_TraceDetection,43,19.32294373870741
Tq_TraceDetection,44,20.73821193538951
Tq_TraceDetection,45,21.766603707014237
Tq_TraceDetection,46,18.68871746938762
Tq_TraceDetection,47,20.46569485158263
Tq_TraceDetection,48,25.549213830557548
Tq_TraceDetection,49,19.76119914071686
Tq_TraceDetection,50,19.940904255656317
Tq_TraceDetection,51,21.441649291904092
Tq_TraceDetection,52,20.778935326223642
Tq_TraceDetection,53,21.49729659479215
Tq_TraceDetection,54,18.435397043687946
Tq_TraceDetection,55,23.358482306371272
Tq_TraceDetection,56,23.902160103903668
Tq_TraceDetection,57,20.11341966539104
Tq_TraceDetection,58,20.18402305988388
Tq_TraceDetection,59,22.59985603331588
Tq_TraceDetection,60,24.764363057769973
Tq_TraceDetection,61,22.105174460739793
Tq_TraceDetection,62,21.640406803376283
Tq_TraceDetection,63,16.64336308937313
Tq_TraceDetection,64,23.836884478945287
Tq_TraceDetection,65,19.907504814202657
Tq_TraceDetection,66,18.843290918870586
Tq_TraceDetection,67,21.122135946425367
Tq_TraceDetection,68,18.40192498350171
Tq_TraceDetection,69,21.389585645817633
Tq_TraceDetection,70,19.166428327575947
Tq_TraceDetection,71,18.709704485683943
Tq_TraceDetection,72,17.94564744985007
Tq_TraceDetection,73,20.54593345572551
Tq_TraceDetection,74,20.746810872982152
Tq_TraceDetection,75,18.319546076672633
Tq_TraceDetection,76,20.518988504295272
Tq_TraceDetection,77,20.94053638083343
Tq_TraceDetection,78,18.69906648944684
Tq_TraceDetection,79,22.23388791880053
Tq_TraceDetection,80,21.3668787102146
Tq_TraceDetection,81,23.287915325570093
Tq_TraceDetection,82,22.58992448990164
Tq_TraceDetection,83,24.754956498252298
Tq_TraceDetection,84,18.634140633579552
Tq_TraceDetection,85,22.342372675224517
Tq_TraceDetection,86,21.77218582954568
Tq_TraceDetection,87,18.6069505467459
Tq_TraceDetection,88,19.305988248615286
Tq_TraceDetection,89,18.887497464881314
Tq_TraceDetection,90,20.547595314126188
Tq_TraceDetection,91,18.162986472438746
Tq_TraceDetection,92,18.52500760269489
Tq_TraceDetection,93,19.77742889657168
Tq_TraceDetection,94,24.860872493961963
Tq_TraceDetection,95,19.284722004832563
Tq_TraceDetection,96,22.50985902419693
Ts_XRay,1,52.46239409573249
Ts_XRay,2,52.651557131661576
Ts_XRay,3,52.89678575164067
Ts_XRay,4,52.14743777301679
Ts_XRay,5,52.53628827605614
Ts_XRay,6,52.935832066976985
Ts_XRay,7,51.454988224855114
Ts_XRay,8,50.72848535715565
Ts_XRay,9,51.98120763125033
Ts_XRay,10,53.05391452488742
Ts_XRay,11,50.98398757166937
Ts_XRay,12,52.9920414095028
Ts_XRay,13,50.69228163367796
Ts_XRay,14,54.06049122065812
Ts_XRay,15,51.35660010174761
Ts_XRay,16,52.2150444178911
Ts_XRay,17,53.645647093941754
Ts_XRay,18,53.55329412800547
Ts_XRay,19,50.76226020094737
Ts_XRay,20,51.38373723698955
Ts_XRay,21,51.413987538312654
Ts_XRay,22,51.73909369679664
Ts_XRay,23,54.413271371460695
Ts_XRay,24,53.08650595753047
Ts_XRay,25,52.70360275862029
Ts_XRay,26,52.80985797365531
Ts_XRay,27,53.45456814294572
Ts_XRay,28,51.5195757811127
Ts_XRay,29,51.33259328332572
Ts_XRay,30,53.12388157528767
Ts_XRay,31,54.1610535649074
Ts_XRay,32,53.829343600337246
Ts_XRay,33,51.965962506770865
Ts_XRay,34,53.214374745850606
Ts_XRay,35,52.81621493497137
Ts_XRay,36,52.4360736550829
Ts_XRay,37,53.73653369335451
Ts_XRay,38,53.722144465238884
Ts_XRay,39,52.62724653408826
Ts_XRay,40,51.957462890126365
Ts_XRay,41,52.6197002478831
Ts_XRay,42,52.076344287263645
Ts_XRay,43,55.114094281286924
Ts_XRay,44,52.89534103661933
Ts_XRay,45,53.1027377185208
Ts_XRay,46,52.70989885635198
Ts_XRay,47,52.55833129146421
Ts_XRay,48,52.69276435983926
Ts_XRay,49,52.74981406722207
Ts_XRay,50,53.21006997581798
Ts_XRay,51,54.01244057506567
Ts_XRay,52,52.977104680763595
Ts_XRay,53,51.660715631458636
Ts_XRay,54,53.46549387218428
Ts_XRay,55,53.58782336366593
Ts_XRay,56,53.697076886376315
Ts_XRay,57,51.67822707906113
Ts_XRay,58,53.48357867508182
Ts_XRay,59,52.109863717335756
Ts_XRay,60,55.833163341043594
Ts_XRay,61,52.15318825651926
Ts_XRay,62,51.534616172517204
Ts_XRay,63,52.087708678922006
Ts_XRay,64,51.701570937273964
Ts_XRay,65,52.678290849268926
Ts_XRay,66,51.16559648202685
Ts_XRay,67,53.656939538929144
Ts_XRay,68,52.55691994271517
Ts_XRay,69,53.74924710967763
Ts_XRay,70,53.27851482813518
Ts_XRay,71,51.82165067363703
Ts_XRay,72,51.558850759590534
Ts_XRay,73,52.200950451764164
Ts_XRay,74,51.9533356410863
Ts_XRay,75,52.728026022780604
Ts_XRay,76,52.36576579145104
Ts_XRay,77,50.758186483959435
Ts_XRay,78,51.91930483947551
Ts_XRay,79,54.392440552927376
Ts_XRay,80,51.96889013173188
Ts_XRay,81,53.63093965383186
Ts_XRay,82,52.39586658058645
Ts_XRay,83,51.963643753997275
Ts_XRay,84,51.33977855852163
Ts_XRay,85,54.58793315505178
Ts_XRay,86,52.522911659372255
Ts_XRay,87,53.65017559375351
Ts_XRay,88,50.3620334177679
Ts_XRay,89,53.125570161172824
Ts_XRay,90,53.076615985333746
Ts_XRay,91,53.2336439898257
Ts_XRay,92,52.42068532935443
Ts_XRay,93,52.54171448500667
Ts_XRay,94,52.84560615614302
Ts_XRay,95,52.78527125517096
Ts_XRay,96,51.42116717630976
